t_s,target_a,voltage_v,current_a,setpoint_echo_a,temp_c,runtime_s,fan,raw,flags
17.6473,1.15,13.037332534790039,0.0,9.999999974752427e-07,34.683876037597656,0,0,DF 07 03 08 16 01 00 EA 98 50 41 00 00 00 00 00 00 00 00 4A BC 0A 42 BD 37 86 35 E4,LOADOFF
17.6910,1.15,13.037412643432617,0.0,9.999999974752427e-07,34.68040084838867,0,0,DF 07 03 08 16 01 00 3E 99 50 41 00 00 00 00 00 00 00 00 BB B8 0A 42 BD 37 86 35 22,LOADOFF
17.7820,1.15,13.037544250488281,0.0,9.999999974752427e-07,34.68040084838867,0,0,DF 07 03 08 16 01 00 C8 99 50 41 00 00 00 00 00 00 00 00 BB B8 0A 42 BD 37 86 35 98,LOADOFF
17.8268,1.15,13.037544250488281,0.0,9.999999974752427e-07,34.68040084838867,0,0,DF 07 03 08 16 01 00 C8 99 50 41 00 00 00 00 00 00 00 00 BB B8 0A 42 BD 37 86 35 98,LOADOFF
17.9165,1.15,13.037250518798828,0.0,9.999999974752427e-07,34.682029724121094,0,0,DF 07 03 08 16 01 00 94 98 50 41 00 00 00 00 00 00 00 00 66 BA 0A 42 BD 37 86 35 20,LOADOFF
17.9476,1.15,13.037290573120117,0.0,9.999999974752427e-07,34.682029724121094,0,0,DF 07 03 08 16 01 00 BE 98 50 41 00 00 00 00 00 00 00 00 66 BA 0A 42 BD 37 86 35 F6,LOADOFF
17.9921,1.15,13.037332534790039,0.0,9.999999974752427e-07,34.682029724121094,0,0,DF 07 03 08 16 01 00 EA 98 50 41 00 00 00 00 00 00 00 00 66 BA 0A 42 BD 37 86 35 CA,LOADOFF
18.0374,1.15,13.037332534790039,0.0,9.999999974752427e-07,34.682029724121094,0,0,DF 07 03 08 16 01 00 EA 98 50 41 00 00 00 00 00 00 00 00 66 BA 0A 42 BD 37 86 35 CA,LOADOFF
18.0973,1.15,13.037796020507812,0.0,9.999999974752427e-07,34.68225860595703,0,0,DF 07 03 08 16 01 00 D0 9A 50 41 00 00 00 00 00 00 00 00 A2 BA 0A 42 BD 37 86 35 A6,LOADOFF
18.1876,1.15,13.03750228881836,0.0,9.999999974752427e-07,34.68225860595703,0,0,DF 07 03 08 16 01 00 9C 99 50 41 00 00 00 00 00 00 00 00 A2 BA 0A 42 BD 37 86 35 DB,LOADOFF
18.2627,1.15,13.037332534790039,0.0,9.999999974752427e-07,34.68225860595703,0,0,DF 07 03 08 16 01 00 EA 98 50 41 00 00 00 00 00 00 00 00 A2 BA 0A 42 BD 37 86 35 8E,LOADOFF
18.3084,1.15,13.03750228881836,0.0,9.999999974752427e-07,34.681556701660156,0,0,DF 07 03 08 16 01 00 9C 99 50 41 00 00 00 00 00 00 00 00 EA B9 0A 42 BD 37 86 35 94,LOADOFF
18.3978,1.15,13.037958145141602,0.0,9.999999974752427e-07,34.681556701660156,0,0,DF 07 03 08 16 01 00 7A 9B 50 41 00 00 00 00 00 00 00 00 EA B9 0A 42 BD 37 86 35 B4,LOADOFF
18.4424,1.15,13.03762435913086,0.0,9.999999974752427e-07,34.681556701660156,0,0,DF 07 03 08 16 01 00 1C 9A 50 41 00 00 00 00 00 00 00 00 EA B9 0A 42 BD 37 86 35 13,LOADOFF
18.4876,1.15,13.03770637512207,0.0,9.999999974752427e-07,34.682945251464844,0,0,DF 07 03 08 16 01 00 72 9A 50 41 00 00 00 00 00 00 00 00 56 BB 0A 42 BD 37 86 35 4F,LOADOFF
18.5328,1.15,13.03746223449707,0.0,9.999999974752427e-07,34.682945251464844,0,0,DF 07 03 08 16 01 00 72 99 50 41 00 00 00 00 00 00 00 00 56 BB 0A 42 BD 37 86 35 50,LOADOFF
18.6074,1.15,13.03758430480957,0.0,9.999999974752427e-07,34.682945251464844,0,0,DF 07 03 08 16 01 00 F2 99 50 41 00 00 00 00 00 00 00 00 56 BB 0A 42 BD 37 86 35 D0,LOADOFF
18.6826,1.15,13.03758430480957,0.0,9.999999974752427e-07,34.68434143066406,0,0,DF 07 03 08 16 01 00 F2 99 50 41 00 00 00 00 00 00 00 00 C4 BC 0A 42 BD 37 86 35 61,LOADOFF
18.7871,1.15,13.03758430480957,0.0,9.999999974752427e-07,34.68434143066406,0,0,DF 07 03 08 16 01 00 F2 99 50 41 00 00 00 00 00 00 00 00 C4 BC 0A 42 BD 37 86 35 61,LOADOFF
18.8095,1.15,13.03758430480957,0.0,9.999999974752427e-07,34.68434143066406,0,0,DF 07 03 08 16 01 00 F2 99 50 41 00 00 00 00 00 00 00 00 C4 BC 0A 42 BD 37 86 35 61,LOADOFF
19.0117,1.15,13.037796020507812,0.0,1.1500009298324585,34.68596267700195,0,0,DF 07 03 08 16 01 02 D0 9A 50 41 00 00 00 00 00 00 00 00 6D BE 0A 42 3B 33 93 3F 44,
19.0351,1.15,12.945947647094727,0.42675691843032837,1.1500009298324585,34.68596267700195,0,0,DF 07 03 08 16 01 02 9A 22 4F 41 E2 7F DA 3E 00 00 00 00 6D BE 0A 42 3B 33 93 3F 7A,
19.1921,1.15,12.941600799560547,1.1500248908996582,1.1500009298324585,34.687355041503906,0,0,DF 07 03 08 16 01 02 CC 10 4F 41 04 34 93 3F 00 00 00 00 DA BF 0A 42 3B 33 93 3F 5B,
19.2373,1.15,12.940793991088867,1.150130033493042,1.1500009298324585,34.687355041503906,0,0,DF 07 03 08 16 01 02 7E 0D 4F 41 76 37 93 3F 00 00 00 00 DA BF 0A 42 3B 33 93 3F 37,
19.3274,1.15,12.939401626586914,1.1503324508666992,1.1500009298324585,34.6866569519043,0,0,DF 07 03 08 16 01 02 CA 07 4F 41 18 3E 93 3F 00 00 00 00 23 BF 0A 42 3B 33 93 3F FF,
19.4610,1.15,12.938514709472656,1.150388479232788,1.1500009298324585,34.6866569519043,0,0,DF 07 03 08 16 01 02 28 04 4F 41 EE 3F 93 3F 00 00 00 00 23 BF 0A 42 3B 33 93 3F CD,
19.5301,1.15,12.937715530395508,1.1504056453704834,1.1500009298324585,34.68526840209961,0,0,DF 07 03 08 16 01 02 E2 00 4F 41 7E 40 93 3F 00 00 00 00 B7 BD 0A 42 3B 33 93 3F F4,
19.6206,1.15,12.936990737915039,1.1501877307891846,1.1500009298324585,34.68526840209961,0,0,DF 07 03 08 16 01 02 EA FD 4E 41 5A 39 93 3F 00 00 00 00 B7 BD 0A 42 3B 33 93 3F 1B,
19.7328,1.15,12.936779022216797,1.1502926349639893,1.1500009298324585,34.6871223449707,0,0,DF 07 03 08 16 01 02 0C FD 4E 41 CA 3C 93 3F 00 00 00 00 9D BF 0A 42 3B 33 93 3F 9E,
19.8230,1.15,12.93614387512207,1.1503167152404785,1.1500009298324585,34.6871223449707,0,0,DF 07 03 08 16 01 02 72 FA 4E 41 94 3D 93 3F 00 00 00 00 9D BF 0A 42 3B 33 93 3F 70,
19.9351,1.15,12.935850143432617,1.1503324508666992,1.1500009298324585,34.68827438354492,0,0,DF 07 03 08 16 01 02 3E F9 4E 41 18 3E 93 3F 00 00 00 00 CB C0 0A 42 3B 33 93 3F F1,
20.0257,1.15,12.935638427734375,1.1503207683563232,1.1500009298324585,34.68827438354492,1,0,DF 07 03 08 16 01 02 60 F8 4E 41 B6 3D 93 3F 01 00 00 00 CB C0 0A 42 3B 33 93 3F 32,
20.2501,1.15,12.934751510620117,1.150280237197876,1.1500009298324585,34.68920135498047,1,0,DF 07 03 08 16 01 02 BE F4 4E 41 62 3C 93 3F 01 00 00 00 BE C1 0A 42 3B 33 93 3F 39,
20.2941,1.15,12.934499740600586,1.1503689289093018,1.1500009298324585,34.68920135498047,1,0,DF 07 03 08 16 01 02 B6 F3 4E 41 4A 3F 93 3F 01 00 00 00 BE C1 0A 42 3B 33 93 3F 57,
20.3175,1.15,12.934539794921875,1.150231122970581,1.1500009298324585,34.68781661987305,1,0,DF 07 03 08 16 01 02 E0 F3 4E 41 C6 3A 93 3F 01 00 00 00 53 C0 0A 42 3B 33 93 3F 22,
20.4077,1.15,12.93391227722168,1.1502513885498047,1.1500009298324585,34.68781661987305,1,0,DF 07 03 08 16 01 02 4E F1 4E 41 70 3B 93 3F 01 00 00 00 53 C0 0A 42 3B 33 93 3F 0B,
20.5203,1.15,12.933441162109375,1.1502070426940918,1.1500009298324585,34.69036102294922,1,0,DF 07 03 08 16 01 02 60 EF 4E 41 FC 39 93 3F 01 00 00 00 EE C2 0A 42 3B 33 93 3F D4,
20.6095,1.15,12.933107376098633,1.1502397060394287,1.1500009298324585,34.69036102294922,1,0,DF 07 03 08 16 01 02 02 EE 4E 41 0E 3B 93 3F 01 00 00 00 EE C2 0A 42 3B 33 93 3F 1F,
20.7445,1.15,12.93281364440918,1.1502070426940918,1.1500009298324585,34.69267654418945,1,0,DF 07 03 08 16 01 02 CE EC 4E 41 FC 39 93 3F 01 00 00 00 4D C5 0A 42 3B 33 93 3F 07,
20.8124,1.15,12.932975769042969,1.150388479232788,1.1500009298324585,34.69267654418945,1,0,DF 07 03 08 16 01 02 78 ED 4E 41 EE 3F 93 3F 01 00 00 00 4D C5 0A 42 3B 33 93 3F 64,
20.9247,1.15,12.932512283325195,1.1502070426940918,1.1500009298324585,34.697776794433594,1,0,DF 07 03 08 16 01 02 92 EB 4E 41 FC 39 93 3F 01 00 00 00 86 CA 0A 42 3B 33 93 3F 06,
21.0146,1.15,12.932260513305664,1.1502156257629395,1.1500009298324585,34.697776794433594,2,0,DF 07 03 08 16 01 02 8A EA 4E 41 44 3A 93 3F 02 00 00 00 86 CA 0A 42 3B 33 93 3F C5,
21.1051,1.15,12.932210922241211,1.150296688079834,1.1500009298324585,34.70380401611328,2,0,DF 07 03 08 16 01 02 56 EA 4E 41 EC 3C 93 3F 02 00 00 00 B2 D0 0A 42 3B 33 93 3F 1D,
21.2180,1.15,12.931917190551758,1.1501994132995605,1.1500009298324585,34.70380401611328,2,0,DF 07 03 08 16 01 02 22 E9 4E 41 BC 39 93 3F 02 00 00 00 B2 D0 0A 42 3B 33 93 3F 85,
21.3301,1.15,12.931421279907227,1.1502032279968262,1.1500009298324585,34.71052932739258,2,0,DF 07 03 08 16 01 02 1A E7 4E 41 DC 39 93 3F 02 00 00 00 95 D7 0A 42 3B 33 93 3F 85,
21.4202,1.15,12.931241989135742,1.150231122970581,1.1500009298324585,34.71052932739258,2,0,DF 07 03 08 16 01 02 5E E6 4E 41 C6 3A 93 3F 02 00 00 00 95 D7 0A 42 3B 33 93 3F 57,
21.4875,1.15,12.931070327758789,1.1502118110656738,1.1500009298324585,34.71957015991211,2,0,DF 07 03 08 16 01 02 AA E5 4E 41 24 3A 93 3F 02 00 00 00 D7 E0 0A 42 3B 33 93 3F 63,
21.6005,1.15,12.930908203125,1.1502156257629395,1.1500009298324585,34.71957015991211,2,0,DF 07 03 08 16 01 02 00 E5 4E 41 44 3A 93 3F 02 00 00 00 D7 E0 0A 42 3B 33 93 3F ED,
21.6674,1.15,12.930614471435547,1.1502554416656494,1.1500009298324585,34.71957015991211,2,0,DF 07 03 08 16 01 02 CC E3 4E 41 92 3B 93 3F 02 00 00 00 D7 E0 0A 42 3B 33 93 3F D4,
21.7579,1.15,12.930313110351562,1.1503121852874756,1.1500009298324585,34.73070526123047,2,0,DF 07 03 08 16 01 02 90 E2 4E 41 6E 3D 93 3F 02 00 00 00 3E EC 0A 42 3B 33 93 3F C0,
21.8251,1.15,12.930313110351562,1.150280237197876,1.1500009298324585,34.73070526123047,2,0,DF 07 03 08 16 01 02 90 E2 4E 41 62 3C 93 3F 02 00 00 00 3E EC 0A 42 3B 33 93 3F CD,
21.9599,1.15,12.930143356323242,1.1503167152404785,1.1500009298324585,34.73766326904297,2,0,DF 07 03 08 16 01 02 DE E1 4E 41 94 3D 93 3F 02 00 00 00 5E F3 0A 42 3B 33 93 3F 26,
22.0267,1.15,12.930143356323242,1.1503410339355469,1.1500009298324585,34.73766326904297,3,0,DF 07 03 08 16 01 02 DE E1 4E 41 60 3E 93 3F 03 00 00 00 5E F3 0A 42 3B 33 93 3F 58,
22.1407,1.15,12.929849624633789,1.150235891342163,1.1500009298324585,34.74671936035156,3,0,DF 07 03 08 16 01 02 AA E0 4E 41 EE 3A 93 3F 03 00 00 00 A4 FC 0A 42 3B 33 93 3F B4,
22.2299,1.15,12.929386138916016,1.1502840518951416,1.1500009298324585,34.74671936035156,3,0,DF 07 03 08 16 01 02 C4 DE 4E 41 82 3C 93 3F 03 00 00 00 A4 FC 0A 42 3B 33 93 3F 06,
22.3210,1.15,12.929386138916016,1.1502234935760498,1.1500009298324585,34.758331298828125,3,0,DF 07 03 08 16 01 02 C4 DE 4E 41 86 3A 93 3F 03 00 00 00 88 08 0B 42 3B 33 93 3F 13,
22.4328,1.15,12.92905044555664,1.150146484375,1.1500009298324585,34.758331298828125,3,0,DF 07 03 08 16 01 02 64 DD 4E 41 00 38 93 3F 03 00 00 00 88 08 0B 42 3B 33 93 3F FC,
22.5231,1.15,12.928960800170898,1.1501829624176025,1.1500009298324585,34.77180480957031,3,0,DF 07 03 08 16 01 02 06 DD 4E 41 32 39 93 3F 03 00 00 00 54 16 0B 42 3B 33 93 3F 4D,
22.6358,1.15,12.928457260131836,1.150167465209961,1.1500009298324585,34.77180480957031,3,0,DF 07 03 08 16 01 02 F6 DA 4E 41 B0 38 93 3F 03 00 00 00 54 16 0B 42 3B 33 93 3F E3,
22.7927,1.15,12.928537368774414,1.1502070426940918,1.1500009298324585,34.788536071777344,3,0,DF 07 03 08 16 01 02 4A DB 4E 41 FC 39 93 3F 03 00 00 00 76 27 0B 42 3B 33 93 3F 0E,
22.8384,1.15,12.928497314453125,1.1502070426940918,1.1500009298324585,34.788536071777344,3,0,DF 07 03 08 16 01 02 20 DB 4E 41 FC 39 93 3F 03 00 00 00 76 27 0B 42 3B 33 93 3F 38,
22.9274,1.15,12.92811393737793,1.1502678394317627,1.1500009298324585,34.80596923828125,3,0,DF 07 03 08 16 01 02 8E D9 4E 41 FA 3B 93 3F 03 00 00 00 50 39 0B 42 3B 33 93 3F E0,
23.0624,1.15,12.92799186706543,1.1502273082733154,1.1500009298324585,34.82526397705078,4,0,DF 07 03 08 16 01 02 0E D9 4E 41 A6 3A 93 3F 04 00 00 00 12 4D 0B 42 3B 33 93 3F DE,
23.1530,1.15,12.928245544433594,1.1501595973968506,1.1500009298324585,34.82526397705078,4,0,DF 07 03 08 16 01 02 18 DA 4E 41 6E 38 93 3F 04 00 00 00 12 4D 0B 42 3B 33 93 3F 0D,
23.2206,1.15,12.927650451660156,1.1502032279968262,1.1500009298324585,34.82526397705078,4,0,DF 07 03 08 16 01 02 A8 D7 4E 41 DC 39 93 3F 04 00 00 00 12 4D 0B 42 3B 33 93 3F 11,
23.3101,1.15,12.927398681640625,1.1501829624176025,1.1500009298324585,34.8461799621582,4,0,DF 07 03 08 16 01 02 A0 D6 4E 41 32 39 93 3F 04 00 00 00 7D 62 0B 42 3B 33 93 3F 44,
23.4223,1.15,12.927104949951172,1.1501915454864502,1.1500009298324585,34.8461799621582,4,0,DF 07 03 08 16 01 02 6C D5 4E 41 7A 39 93 3F 04 00 00 00 7D 62 0B 42 3B 33 93 3F 31,
23.5574,1.15,12.926803588867188,1.1502764225006104,1.1500009298324585,34.86919403076172,4,0,DF 07 03 08 16 01 02 30 D4 4E 41 42 3C 93 3F 04 00 00 00 0E 7A 0B 42 3B 33 93 3F FA,
23.6246,1.15,12.926933288574219,1.1501953601837158,1.1500009298324585,34.86919403076172,4,0,DF 07 03 08 16 01 02 B8 D4 4E 41 9A 39 93 3F 04 00 00 00 0E 7A 0B 42 3B 33 93 3F 1D,
23.7147,1.15,12.92685317993164,1.1502764225006104,1.1500009298324585,34.89362335205078,4,0,DF 07 03 08 16 01 02 64 D4 4E 41 42 3C 93 3F 04 00 00 00 12 93 0B 42 3B 33 93 3F A9,
23.8272,1.15,12.92689323425293,1.1502513885498047,1.1500009298324585,34.89362335205078,4,0,DF 07 03 08 16 01 02 8E D4 4E 41 70 3B 93 3F 04 00 00 00 12 93 0B 42 3B 33 93 3F 52,
23.9623,1.15,12.926469802856445,1.1502554416656494,1.1500009298324585,34.9199104309082,4,0,DF 07 03 08 16 01 02 D2 D2 4E 41 92 3B 93 3F 04 00 00 00 FD AD 0B 42 3B 33 93 3F E9,
24.0078,1.15,12.92608642578125,1.1502156257629395,1.1500009298324585,34.9199104309082,5,0,DF 07 03 08 16 01 02 40 D1 4E 41 44 3A 93 3F 05 00 00 00 FD AD 0B 42 3B 33 93 3F CA,
24.1204,1.15,12.92620849609375,1.1500864028930664,1.1500009298324585,34.94852828979492,5,0,DF 07 03 08 16 01 02 C0 D1 4E 41 08 36 93 3F 05 00 00 00 4B CB 0B 42 3B 33 93 3F 1E,
24.2551,1.15,12.92591667175293,1.1502156257629395,1.1500009298324585,34.979026794433594,5,0,DF 07 03 08 16 01 02 8E D0 4E 41 44 3A 93 3F 05 00 00 00 86 EA 0B 42 3B 33 93 3F B7,
24.4123,1.15,12.925874710083008,1.1502554416656494,1.1500009298324585,34.979026794433594,5,0,DF 07 03 08 16 01 02 62 D0 4E 41 92 3B 93 3F 05 00 00 00 86 EA 0B 42 3B 33 93 3F 94,
24.5027,1.15,12.925289154052734,1.150130033493042,1.1500009298324585,35.0099983215332,5,0,DF 07 03 08 16 01 02 FC CD 4E 41 76 37 93 3F 05 00 00 00 3D 0A 0C 42 3B 33 93 3F 45,
24.6149,1.15,12.925329208374023,1.1501145362854004,1.1500009298324585,35.0099983215332,5,0,DF 07 03 08 16 01 02 26 CE 4E 41 F4 36 93 3F 05 00 00 00 3D 0A 0C 42 3B 33 93 3F 9D,
24.7268,1.15,12.925207138061523,1.150167465209961,1.1500009298324585,35.04237747192383,5,0,DF 07 03 08 16 01 02 A6 CD 4E 41 B0 38 93 3F 05 00 00 00 65 2B 0C 42 3B 33 93 3F 17,
24.8174,1.15,12.925207138061523,1.1502554416656494,1.1500009298324585,35.04237747192383,5,0,DF 07 03 08 16 01 02 A6 CD 4E 41 92 3B 93 3F 05 00 00 00 65 2B 0C 42 3B 33 93 3F 32,
24.9075,1.15,12.92498779296875,1.1501877307891846,1.1500009298324585,35.07617950439453,5,0,DF 07 03 08 16 01 02 C0 CC 4E 41 5A 39 93 3F 05 00 00 00 02 4E 0C 42 3B 33 93 3F 93,
25.0422,1.15,12.924694061279297,1.1502234935760498,1.1500009298324585,35.07617950439453,6,0,DF 07 03 08 16 01 02 8C CB 4E 41 86 3A 93 3F 06 00 00 00 02 4E 0C 42 3B 33 93 3F 9A,
25.1098,1.15,12.924694061279297,1.15030837059021,1.1500009298324585,35.11046600341797,6,0,DF 07 03 08 16 01 02 8C CB 4E 41 4E 3D 93 3F 06 00 00 00 1E 71 0C 42 3B 33 93 3F 90,
25.2227,1.15,12.924604415893555,1.1501915454864502,1.1500009298324585,35.11046600341797,6,0,DF 07 03 08 16 01 02 2E CB 4E 41 7A 39 93 3F 06 00 00 00 1E 71 0C 42 3B 33 93 3F C6,
25.3133,1.15,12.924442291259766,1.1500980854034424,1.1500009298324585,35.145233154296875,6,0,DF 07 03 08 16 01 02 84 CA 4E 41 6A 36 93 3F 06 00 00 00 B8 94 0C 42 3B 33 93 3F C7,
25.4240,1.15,12.92388916015625,1.1501541137695312,1.1500009298324585,35.145233154296875,6,0,DF 07 03 08 16 01 02 40 C8 4E 41 40 38 93 3F 06 00 00 00 B8 94 0C 42 3B 33 93 3F 35,
25.5152,1.15,12.924100875854492,1.1501221656799316,1.1500009298324585,35.18071746826172,6,0,DF 07 03 08 16 01 02 1E C9 4E 41 34 37 93 3F 06 00 00 00 0E B9 0C 42 3B 33 93 3F E8,
25.6269,1.15,12.923847198486328,1.1501262187957764,1.1500009298324585,35.18071746826172,6,0,DF 07 03 08 16 01 02 14 C8 4E 41 56 37 93 3F 06 00 00 00 0E B9 0C 42 3B 33 93 3F D1,
25.6944,1.15,12.92388916015625,1.150102138519287,1.1500009298324585,35.216224670410156,6,0,DF 07 03 08 16 01 02 40 C8 4E 41 8C 36 93 3F 06 00 00 00 6A DD 0C 42 3B 33 93 3F F0,
25.8527,1.15,12.923799514770508,1.1501994132995605,1.1500009298324585,35.257144927978516,6,0,DF 07 03 08 16 01 02 E2 C7 4E 41 BC 39 93 3F 06 00 00 00 51 07 0D 42 3B 33 93 3F 0A,
25.8982,1.15,12.923717498779297,1.1502032279968262,1.1500009298324585,35.257144927978516,6,0,DF 07 03 08 16 01 02 8C C7 4E 41 DC 39 93 3F 06 00 00 00 51 07 0D 42 3B 33 93 3F 40,
25.9419,1.15,12.923595428466797,1.1502032279968262,1.1500009298324585,35.257144927978516,6,0,DF 07 03 08 16 01 02 0C C7 4E 41 DC 39 93 3F 06 00 00 00 51 07 0D 42 3B 33 93 3F C0,
26.0767,1.15,12.923677444458008,1.150280237197876,1.1500009298324585,35.288917541503906,7,0,DF 07 03 08 16 01 02 62 C7 4E 41 62 3C 93 3F 07 00 00 00 DA 27 0D 42 3B 33 93 3F 37,
26.2115,1.15,12.923301696777344,1.1502513885498047,1.1500009298324585,35.288917541503906,7,0,DF 07 03 08 16 01 02 D8 C5 4E 41 70 3B 93 3F 07 00 00 00 DA 27 0D 42 3B 33 93 3F B6,
26.2586,1.15,12.923254013061523,1.1502273082733154,1.1500009298324585,35.325653076171875,7,0,DF 07 03 08 16 01 02 A6 C5 4E 41 A6 3A 93 3F 07 00 00 00 78 4D 0D 42 3B 33 93 3F EF,
26.3924,1.15,12.923049926757812,1.1502234935760498,1.1500009298324585,35.325653076171875,7,0,DF 07 03 08 16 01 02 D0 C4 4E 41 86 3A 93 3F 07 00 00 00 78 4D 0D 42 3B 33 93 3F E6,
26.4378,1.15,12.923131942749023,1.1501953601837158,1.1500009298324585,35.362396240234375,7,0,DF 07 03 08 16 01 02 26 C5 4E 41 9A 39 93 3F 07 00 00 00 18 73 0D 42 3B 33 93 3F B6,
26.5953,1.15,12.922618865966797,1.1503651142120361,1.1500009298324585,35.362396240234375,7,0,DF 07 03 08 16 01 02 0C C3 4E 41 2A 3F 93 3F 07 00 00 00 18 73 0D 42 3B 33 93 3F 3C,
26.6623,1.15,12.922576904296875,1.1502926349639893,1.1500009298324585,35.39753341674805,7,0,DF 07 03 08 16 01 02 E0 C2 4E 41 CA 3C 93 3F 07 00 00 00 13 97 0D 42 3B 33 93 3F AD,
26.7303,1.15,12.922618865966797,1.1502554416656494,1.1500009298324585,35.39753341674805,7,0,DF 07 03 08 16 01 02 0C C3 4E 41 92 3B 93 3F 07 00 00 00 13 97 0D 42 3B 33 93 3F B9,
26.8203,1.15,12.922447204589844,1.1501829624176025,1.1500009298324585,35.39753341674805,7,0,DF 07 03 08 16 01 02 58 C2 4E 41 32 39 93 3F 07 00 00 00 13 97 0D 42 3B 33 93 3F D0,
26.9327,1.15,12.922285079956055,1.1502716541290283,1.1500009298324585,35.43597412109375,7,0,DF 07 03 08 16 01 02 AE C1 4E 41 1A 3C 93 3F 07 00 00 00 70 BE 0D 42 3B 33 93 3F 0C,
27.0453,1.15,12.922325134277344,1.1503245830535889,1.1500009298324585,35.43597412109375,8,0,DF 07 03 08 16 01 02 D8 C1 4E 41 D6 3D 93 3F 08 00 00 00 70 BE 0D 42 3B 33 93 3F 24,
27.1353,1.15,12.922195434570312,1.1501994132995605,1.1500009298324585,35.47373580932617,8,0,DF 07 03 08 16 01 02 50 C1 4E 41 BC 39 93 3F 08 00 00 00 1B E5 0D 42 3B 33 93 3F F8,
27.2255,1.15,12.92186164855957,1.150280237197876,1.1500009298324585,35.51361083984375,8,0,DF 07 03 08 16 01 02 F2 BF 4E 41 62 3C 93 3F 08 00 00 00 F0 0D 0E 42 3B 33 93 3F B1,
27.3376,1.15,12.921649932861328,1.1502926349639893,1.1500009298324585,35.51361083984375,8,0,DF 07 03 08 16 01 02 14 BF 4E 41 CA 3C 93 3F 08 00 00 00 F0 0D 0E 42 3B 33 93 3F 27,
27.4273,1.15,12.921649932861328,1.1501712799072266,1.1500009298324585,35.550453186035156,8,0,DF 07 03 08 16 01 02 14 BF 4E 41 D0 38 93 3F 08 00 00 00 AA 33 0E 42 3B 33 93 3F 45,
27.5407,1.15,12.921388626098633,1.150280237197876,1.1500009298324585,35.550453186035156,8,0,DF 07 03 08 16 01 02 02 BE 4E 41 62 3C 93 3F 08 00 00 00 AA 33 0E 42 3B 33 93 3F C2,
27.6301,1.15,12.921184539794922,1.1501953601837158,1.1500009298324585,35.589447021484375,8,0,DF 07 03 08 16 01 02 2C BD 4E 41 9A 39 93 3F 08 00 00 00 98 5B 0E 42 3B 33 93 3F 4E,
27.7206,1.15,12.921184539794922,1.1502888202667236,1.1500009298324585,35.589447021484375,8,0,DF 07 03 08 16 01 02 2C BD 4E 41 AA 3C 93 3F 08 00 00 00 98 5B 0E 42 3B 33 93 3F 3B,
27.8100,1.15,12.921184539794922,1.1502032279968262,1.1500009298324585,35.589447021484375,8,0,DF 07 03 08 16 01 02 2C BD 4E 41 DC 39 93 3F 08 00 00 00 98 5B 0E 42 3B 33 93 3F 0C,
27.9225,1.15,12.921144485473633,1.150179147720337,1.1500009298324585,35.63010787963867,8,0,DF 07 03 08 16 01 02 02 BD 4E 41 12 39 93 3F 08 00 00 00 3B 85 0E 42 3B 33 93 3F 33,
28.0122,1.15,12.92097282409668,1.150235891342163,1.1500009298324585,35.63010787963867,9,0,DF 07 03 08 16 01 02 4E BC 4E 41 EE 3A 93 3F 09 00 00 00 3B 85 0E 42 3B 33 93 3F 0A,
28.1021,1.15,12.920761108398438,1.1501634120941162,1.1500009298324585,35.66962432861328,9,0,DF 07 03 08 16 01 02 70 BB 4E 41 8E 38 93 3F 09 00 00 00 B2 AD 0E 42 3B 33 93 3F AC,
28.2149,1.15,12.92105484008789,1.1502397060394287,1.1500009298324585,35.66962432861328,9,0,DF 07 03 08 16 01 02 A4 BC 4E 41 0E 3B 93 3F 09 00 00 00 B2 AD 0E 42 3B 33 93 3F F4,
28.3050,1.15,12.920549392700195,1.1501595973968506,1.1500009298324585,35.70915985107422,9,0,DF 07 03 08 16 01 02 92 BA 4E 41 6E 38 93 3F 09 00 00 00 2E D6 0E 42 3B 33 93 3F 06,
28.4178,1.15,12.920469284057617,1.1501915454864502,1.1500009298324585,35.70915985107422,9,0,DF 07 03 08 16 01 02 3E BA 4E 41 7A 39 93 3F 09 00 00 00 2E D6 0E 42 3B 33 93 3F 4D,
28.5301,1.15,12.920427322387695,1.1501953601837158,1.1500009298324585,35.750370025634766,9,0,DF 07 03 08 16 01 02 12 BA 4E 41 9A 39 93 3F 09 00 00 00 61 00 0F 42 3B 33 93 3F FB,
28.6422,1.15,12.920167922973633,1.1502716541290283,1.1500009298324585,35.790191650390625,9,0,DF 07 03 08 16 01 02 02 B9 4E 41 1A 3C 93 3F 09 00 00 00 28 29 0F 42 3B 33 93 3F 99,
28.6879,1.15,12.920036315917969,1.1502840518951416,1.1500009298324585,35.790191650390625,9,0,DF 07 03 08 16 01 02 78 B8 4E 41 82 3C 93 3F 09 00 00 00 28 29 0F 42 3B 33 93 3F BC,
28.8000,1.15,12.920207977294922,1.1502118110656738,1.1500009298324585,35.790191650390625,9,0,DF 07 03 08 16 01 02 2C B9 4E 41 24 3A 93 3F 09 00 00 00 28 29 0F 42 3B 33 93 3F 67,
28.8448,1.15,12.919914245605469,1.1502118110656738,1.1500009298324585,35.790191650390625,9,0,DF 07 03 08 16 01 02 F8 B7 4E 41 24 3A 93 3F 09 00 00 00 28 29 0F 42 3B 33 93 3F 9D,
28.9120,1.15,12.920125961303711,1.1502273082733154,1.1500009298324585,35.82884979248047,9,0,DF 07 03 08 16 01 02 D6 B8 4E 41 A6 3A 93 3F 09 00 00 00 BE 50 0F 42 3B 33 93 3F 7F,
29.0252,1.15,12.919744491577148,1.1502397060394287,1.1500009298324585,35.82884979248047,10,0,DF 07 03 08 16 01 02 46 B7 4E 41 0E 3B 93 3F 0A 00 00 00 BE 50 0F 42 3B 33 93 3F A6,
29.1382,1.15,12.919662475585938,1.150167465209961,1.1500009298324585,35.86968231201172,10,0,DF 07 03 08 16 01 02 F0 B6 4E 41 B0 38 93 3F 0A 00 00 00 8E 7A 0F 42 3B 33 93 3F 64,
29.2080,1.15,12.919702529907227,1.1502234935760498,1.1500009298324585,35.86968231201172,10,0,DF 07 03 08 16 01 02 1A B7 4E 41 86 3A 93 3F 0A 00 00 00 8E 7A 0F 42 3B 33 93 3F 61,
29.3402,1.15,12.919620513916016,1.1503245830535889,1.1500009298324585,35.910057067871094,10,0,DF 07 03 08 16 01 02 C4 B6 4E 41 D6 3D 93 3F 0A 00 00 00 E6 A3 0F 42 3B 33 93 3F E4,
29.4082,1.15,12.919450759887695,1.150235891342163,1.1500009298324585,35.910057067871094,10,0,DF 07 03 08 16 01 02 12 B6 4E 41 EE 3A 93 3F 0A 00 00 00 E6 A3 0F 42 3B 33 93 3F 81,
29.5422,1.15,12.919368743896484,1.1502273082733154,1.1500009298324585,35.950927734375,10,0,DF 07 03 08 16 01 02 BC B5 4E 41 A6 3A 93 3F 0A 00 00 00 C0 CD 0F 42 3B 33 93 3F 1C,
29.6099,1.15,12.919034957885742,1.1503283977508545,1.1500009298324585,35.950927734375,10,0,DF 07 03 08 16 01 02 5E B4 4E 41 F6 3D 93 3F 0A 00 00 00 C0 CD 0F 42 3B 33 93 3F 28,
29.7233,1.15,12.918773651123047,1.150179147720337,1.1500009298324585,35.99182891845703,10,0,DF 07 03 08 16 01 02 4C B3 4E 41 12 39 93 3F 0A 00 00 00 A2 F7 0F 42 3B 33 93 3F 17,
29.8135,1.15,12.918815612792969,1.1501262187957764,1.1500009298324585,35.99182891845703,10,0,DF 07 03 08 16 01 02 78 B3 4E 41 56 37 93 3F 0A 00 00 00 A2 F7 0F 42 3B 33 93 3F A9,
29.9701,1.15,12.918643951416016,1.1502234935760498,1.1500009298324585,36.02852249145508,10,0,DF 07 03 08 16 01 02 C4 B2 4E 41 86 3A 93 3F 0A 00 00 00 35 1D 10 42 3B 33 93 3F 71,
30.0582,1.15,12.918603897094727,1.1501262187957764,1.1500009298324585,36.02852249145508,11,0,DF 07 03 08 16 01 02 9A B2 4E 41 56 37 93 3F 0B 00 00 00 35 1D 10 42 3B 33 93 3F CD,
30.1054,1.15,12.918310165405273,1.150146484375,1.1500009298324585,36.07440185546875,11,0,DF 07 03 08 16 01 02 66 B1 4E 41 00 38 93 3F 0B 00 00 00 30 4C 10 42 3B 33 93 3F 2D,
30.2404,1.15,12.918188095092773,1.1500904560089111,1.1500009298324585,36.07440185546875,11,0,DF 07 03 08 16 01 02 E6 B0 4E 41 2A 36 93 3F 0B 00 00 00 30 4C 10 42 3B 33 93 3F 86,
30.3530,1.15,12.91813850402832,1.1500942707061768,1.1500009298324585,36.1160888671875,11,0,DF 07 03 08 16 01 02 B2 B0 4E 41 4A 36 93 3F 0B 00 00 00 E0 76 10 42 3B 33 93 3F C0,
30.4197,1.15,12.917976379394531,1.1502032279968262,1.1500009298324585,36.1160888671875,11,0,DF 07 03 08 16 01 02 08 B0 4E 41 DC 39 93 3F 0B 00 00 00 E0 76 10 42 3B 33 93 3F D5,
30.5328,1.15,12.918188095092773,1.1502716541290283,1.1500009298324585,36.157569885253906,11,0,DF 07 03 08 16 01 02 E6 B0 4E 41 1A 3C 93 3F 0B 00 00 00 5A A1 10 42 3B 33 93 3F 11,
30.6222,1.15,12.918270111083984,1.150247573852539,1.1500009298324585,36.157569885253906,11,0,DF 07 03 08 16 01 02 3C B1 4E 41 50 3B 93 3F 0B 00 00 00 5A A1 10 42 3B 33 93 3F 85,
30.7127,1.15,12.9178466796875,1.150130033493042,1.1500009298324585,36.199546813964844,11,0,DF 07 03 08 16 01 02 80 AF 4E 41 76 37 93 3F 0B 00 00 00 56 CC 10 42 3B 33 93 3F FA,
30.8255,1.15,12.917804718017578,1.1501145362854004,1.1500009298324585,36.199546813964844,11,0,DF 07 03 08 16 01 02 54 AF 4E 41 F4 36 93 3F 0B 00 00 00 56 CC 10 42 3B 33 93 3F A9,
30.9380,1.15,12.917634963989258,1.1501829624176025,1.1500009298324585,36.239662170410156,11,0,DF 07 03 08 16 01 02 A2 AE 4E 41 32 39 93 3F 0B 00 00 00 6A F5 10 42 3B 33 93 3F DE,
31.0270,1.15,12.917675018310547,1.150231122970581,1.1500009298324585,36.239662170410156,12,0,DF 07 03 08 16 01 02 CC AE 4E 41 C6 3A 93 3F 0C 00 00 00 6A F5 10 42 3B 33 93 3F 1E,
31.1404,1.15,12.917463302612305,1.1500864028930664,1.1500009298324585,36.28074264526367,12,0,DF 07 03 08 16 01 02 EE AD 4E 41 08 36 93 3F 0C 00 00 00 7B 1F 11 42 3B 33 93 3F 83,
31.2300,1.15,12.917211532592773,1.150146484375,1.1500009298324585,36.28074264526367,12,0,DF 07 03 08 16 01 02 E6 AC 4E 41 00 38 93 3F 0C 00 00 00 7B 1F 11 42 3B 33 93 3F 92,
31.3208,1.15,12.917089462280273,1.1500461101531982,1.1500009298324585,36.320655822753906,12,0,DF 07 03 08 16 01 02 66 AC 4E 41 B6 34 93 3F 0C 00 00 00 5A 48 11 42 3B 33 93 3F 58,
31.3867,1.15,12.91691780090332,1.1501262187957764,1.1500009298324585,36.320655822753906,12,0,DF 07 03 08 16 01 02 B2 AB 4E 41 56 37 93 3F 0C 00 00 00 5A 48 11 42 3B 33 93 3F 6A,
31.5003,1.15,12.91683578491211,1.1501386165618896,1.1500009298324585,36.36295700073242,12,0,DF 07 03 08 16 01 02 5C AB 4E 41 BE 37 93 3F 0C 00 00 00 AB 73 11 42 3B 33 93 3F DC,
31.6122,1.15,12.91691780090332,1.1500661373138428,1.1500009298324585,36.36295700073242,12,0,DF 07 03 08 16 01 02 B2 AB 4E 41 5E 35 93 3F 0C 00 00 00 AB 73 11 42 3B 33 93 3F E8,
31.7270,1.15,12.91691780090332,1.149989128112793,1.1500009298324585,36.40412139892578,12,0,DF 07 03 08 16 01 02 B2 AB 4E 41 D8 32 93 3F 0C 00 00 00 D2 9D 11 42 3B 33 93 3F 20,
31.8365,1.15,12.916666030883789,1.1500461101531982,1.1500009298324585,36.40412139892578,12,0,DF 07 03 08 16 01 02 AA AA 4E 41 B6 34 93 3F 0C 00 00 00 D2 9D 11 42 3B 33 93 3F 49,
31.9054,1.15,12.916543960571289,1.1500585079193115,1.1500009298324585,36.443885803222656,12,0,DF 07 03 08 16 01 02 2A AA 4E 41 1E 35 93 3F 0C 00 00 00 8A C6 11 42 3B 33 93 3F 7F,
32.0176,1.15,12.916494369506836,1.1500778198242188,1.1500009298324585,36.443885803222656,13,0,DF 07 03 08 16 01 02 F6 A9 4E 41 C0 35 93 3F 0D 00 00 00 8A C6 11 42 3B 33 93 3F 11,
32.0852,1.15,12.916322708129883,1.1500296592712402,1.1500009298324585,36.48438262939453,13,0,DF 07 03 08 16 01 02 42 A9 4E 41 2C 34 93 3F 0D 00 00 00 02 F0 11 42 3B 33 93 3F B8,
32.2204,1.15,12.916364669799805,1.1500661373138428,1.1500009298324585,36.48438262939453,13,0,DF 07 03 08 16 01 02 6E A9 4E 41 5E 35 93 3F 0D 00 00 00 02 F0 11 42 3B 33 93 3F 59,
32.2652,1.15,12.916193008422852,1.150017261505127,1.1500009298324585,36.52851867675781,13,0,DF 07 03 08 16 01 02 BA A8 4E 41 C4 33 93 3F 0D 00 00 00 34 1D 12 42 3B 33 93 3F 4A,
32.3326,1.15,12.915899276733398,1.1500420570373535,1.1500009298324585,36.52851867675781,13,0,DF 07 03 08 16 01 02 86 A7 4E 41 94 34 93 3F 0D 00 00 00 34 1D 12 42 3B 33 93 3F AE,
32.4675,1.15,12.915777206420898,1.150005578994751,1.1500009298324585,36.568119049072266,13,0,DF 07 03 08 16 01 02 06 A7 4E 41 62 33 93 3F 0D 00 00 00 C1 45 12 42 3B 33 93 3F AC,
32.5580,1.15,12.915777206420898,1.150017261505127,1.1500009298324585,36.568119049072266,13,0,DF 07 03 08 16 01 02 06 A7 4E 41 C4 33 93 3F 0D 00 00 00 C1 45 12 42 3B 33 93 3F 4A,
32.6254,1.15,12.915899276733398,1.1500623226165771,1.1500009298324585,36.568119049072266,13,0,DF 07 03 08 16 01 02 86 A7 4E 41 3E 35 93 3F 0D 00 00 00 C1 45 12 42 3B 33 93 3F 4E,
32.7148,1.15,12.91581916809082,1.1499814987182617,1.1500009298324585,36.60773468017578,13,0,DF 07 03 08 16 01 02 32 A7 4E 41 98 32 93 3F 0D 00 00 00 52 6E 12 42 3B 33 93 3F 91,
32.9173,1.15,12.91573715209961,1.150005578994751,1.1500009298324585,36.60773468017578,13,0,DF 07 03 08 16 01 02 DC A6 4E 41 62 33 93 3F 0D 00 00 00 52 6E 12 42 3B 33 93 3F 1D,
32.9407,1.15,12.915435791015625,1.15010666847229,1.1500009298324585,36.6495361328125,13,0,DF 07 03 08 16 01 02 A0 A5 4E 41 B2 36 93 3F 0D 00 00 00 20 99 12 42 3B 33 93 3F 0E,
33.0287,1.15,12.915647506713867,1.1500942707061768,1.1500009298324585,36.6495361328125,14,0,DF 07 03 08 16 01 02 7E A6 4E 41 4A 36 93 3F 0E 00 00 00 20 99 12 42 3B 33 93 3F 96,
33.1422,1.15,12.915435791015625,1.1500740051269531,1.1500009298324585,36.68874740600586,14,0,DF 07 03 08 16 01 02 A0 A5 4E 41 A0 35 93 3F 0E 00 00 00 47 C1 12 42 3B 33 93 3F D1,
33.2096,1.15,12.915607452392578,1.15010666847229,1.1500009298324585,36.68874740600586,14,0,DF 07 03 08 16 01 02 54 A6 4E 41 B2 36 93 3F 0E 00 00 00 47 C1 12 42 3B 33 93 3F 09,
33.3002,1.15,12.915485382080078,1.1500661373138428,1.1500009298324585,36.72797393798828,14,0,DF 07 03 08 16 01 02 D4 A5 4E 41 5E 35 93 3F 0E 00 00 00 72 E9 12 42 3B 33 93 3F 8C,
33.4351,1.15,12.915184020996094,1.150167465209961,1.1500009298324585,36.72797393798828,14,0,DF 07 03 08 16 01 02 98 A4 4E 41 B0 38 93 3F 0E 00 00 00 72 E9 12 42 3B 33 93 3F 74,
33.5248,1.15,12.915184020996094,1.1500537395477295,1.1500009298324585,36.766746520996094,14,0,DF 07 03 08 16 01 02 98 A4 4E 41 F6 34 93 3F 0E 00 00 00 26 11 13 42 3B 33 93 3F 55,
33.6150,1.15,12.915184020996094,1.1501386165618896,1.1500009298324585,36.766746520996094,14,0,DF 07 03 08 16 01 02 98 A4 4E 41 BE 37 93 3F 0E 00 00 00 26 11 13 42 3B 33 93 3F 8A,
33.7049,1.15,12.91505241394043,1.1501107215881348,1.1500009298324585,36.8045768737793,14,0,DF 07 03 08 16 01 02 0E A4 4E 41 D4 36 93 3F 0E 00 00 00 E3 37 13 42 3B 33 93 3F 1C,
33.8621,1.25,12.91488265991211,1.150017261505127,1.1500009298324585,36.8045768737793,14,0,DF 07 03 08 16 01 02 5C A3 4E 41 C4 33 93 3F 0E 00 00 00 E3 37 13 42 3B 33 93 3F E2,
33.8852,1.25,12.914588928222656,1.1500334739685059,1.1500009298324585,36.84436798095703,14,0,DF 07 03 08 16 01 02 28 A2 4E 41 4C 34 93 3F 0E 00 00 00 A2 60 13 42 3B 33 93 3F A6,
33.9290,1.25,12.914800643920898,1.150102138519287,1.2500009536743164,36.84436798095703,14,0,DF 07 03 08 16 01 02 06 A3 4E 41 8C 36 93 3F 0E 00 00 00 A2 60 13 42 08 00 A0 3F DE,
34.0420,1.25,12.906608581542969,1.2499713897705078,1.2500009536743164,36.881771087646484,15,0,DF 07 03 08 16 01 02 78 81 4E 41 10 FF 9F 3F 0F 00 00 00 EF 86 13 42 08 00 A0 3F C1,
34.1326,1.25,12.906307220458984,1.2500367164611816,1.2500009536743164,36.881771087646484,15,0,DF 07 03 08 16 01 02 3C 80 4E 41 34 01 A0 3F 0F 00 00 00 EF 86 13 42 08 00 A0 3F D7,
34.2223,1.25,12.906511306762695,1.2501622438430786,1.2500009536743164,36.91920852661133,15,0,DF 07 03 08 16 01 02 12 81 4E 41 51 05 A0 3F 0F 00 00 00 45 AD 13 42 08 00 A0 3F 62,
34.3352,1.25,12.906177520751953,1.2501864433288574,1.2500009536743164,36.91920852661133,15,0,DF 07 03 08 16 01 02 B4 7F 4E 41 1C 06 A0 3F 0F 00 00 00 45 AD 13 42 08 00 A0 3F F6,
34.4701,1.25,12.905801773071289,1.2500617504119873,1.2500009536743164,36.9566650390625,15,0,DF 07 03 08 16 01 02 2A 7E 4E 41 06 02 A0 3F 0F 00 00 00 A0 D3 13 42 08 00 A0 3F 1A,
34.5370,1.25,12.905923843383789,1.2500252723693848,1.2500009536743164,36.9566650390625,15,0,DF 07 03 08 16 01 02 AA 7E 4E 41 D4 00 A0 3F 0F 00 00 00 A0 D3 13 42 08 00 A0 3F CE,
34.6735,1.25,12.905632019042969,1.250098466873169,1.2500009536743164,36.99390411376953,15,0,DF 07 03 08 16 01 02 78 7D 4E 41 3A 03 A0 3F 0F 00 00 00 C2 F9 13 42 08 00 A0 3F 50,
34.7400,1.25,12.905378341674805,1.2500495910644531,1.2500009536743164,36.99390411376953,15,0,DF 07 03 08 16 01 02 6E 7C 4E 41 A0 01 A0 3F 0F 00 00 00 C2 F9 13 42 08 00 A0 3F F7,
34.8532,1.25,12.905118942260742,1.2501789331436157,1.2500009536743164,37.03165054321289,15,0,DF 07 03 08 16 01 02 5E 7B 4E 41 DD 05 A0 3F 0F 00 00 00 69 20 14 42 08 00 A0 3F F8,
34.9424,1.25,12.905036926269531,1.250017523765564,1.2500009536743164,37.03165054321289,15,0,DF 07 03 08 16 01 02 08 7B 4E 41 93 00 A0 3F 0F 00 00 00 69 20 14 42 08 00 A0 3F 9D,
35.0766,1.25,12.90507698059082,1.2500977516174316,1.2500009536743164,37.06844711303711,16,0,DF 07 03 08 16 01 02 32 7B 4E 41 34 03 A0 3F 10 00 00 00 17 46 14 42 08 00 A0 3F FA,
35.1906,1.25,12.904996871948242,1.2500736713409424,1.2500009536743164,37.06844711303711,16,0,DF 07 03 08 16 01 02 DE 7A 4E 41 6A 02 A0 3F 10 00 00 00 17 46 14 42 08 00 A0 3F 1A,
35.2793,1.25,12.90507698059082,1.2500814199447632,1.2500009536743164,37.106231689453125,16,0,DF 07 03 08 16 01 02 32 7B 4E 41 AB 02 A0 3F 10 00 00 00 C8 6C 14 42 08 00 A0 3F AD,
35.3921,1.25,12.904914855957031,1.2502474784851074,1.2500009536743164,37.106231689453125,16,0,DF 07 03 08 16 01 02 88 7A 4E 41 1C 08 A0 3F 10 00 00 00 C8 6C 14 42 08 00 A0 3F E1,
35.4376,1.25,12.904451370239258,1.2502599954605103,1.2500009536743164,37.14307403564453,16,0,DF 07 03 08 16 01 02 A2 78 4E 41 85 08 A0 3F 10 00 00 00 82 92 14 42 08 00 A0 3F 80,
35.5271,1.25,12.904743194580078,1.2502317428588867,1.2500009536743164,37.14307403564453,16,0,DF 07 03 08 16 01 02 D4 79 4E 41 98 07 A0 3F 10 00 00 00 82 92 14 42 08 00 A0 3F 3B,
35.6406,1.25,12.904914855957031,1.2501959800720215,1.2500009536743164,37.18068313598633,16,0,DF 07 03 08 16 01 02 88 7A 4E 41 6C 06 A0 3F 10 00 00 00 05 B9 14 42 08 00 A0 3F 09,
35.7299,1.25,12.904369354248047,1.2501025199890137,1.2500009536743164,37.18068313598633,16,0,DF 07 03 08 16 01 02 4C 78 4E 41 5C 03 A0 3F 10 00 00 00 05 B9 14 42 08 00 A0 3F 5A,
35.8432,1.25,12.904319763183594,1.2502272129058838,1.2500009536743164,37.18068313598633,16,0,DF 07 03 08 16 01 02 18 78 4E 41 72 07 A0 3F 10 00 00 00 05 B9 14 42 08 00 A0 3F 74,
35.9325,1.25,12.904319763183594,1.2500861883163452,1.2500009536743164,37.21588134765625,16,0,DF 07 03 08 16 01 02 18 78 4E 41 D3 02 A0 3F 10 00 00 00 10 DD 14 42 08 00 A0 3F E9,
36.0227,1.25,12.904117584228516,1.2500572204589844,1.2500009536743164,37.21588134765625,17,0,DF 07 03 08 16 01 02 44 77 4E 41 E0 01 A0 3F 11 00 00 00 10 DD 14 42 08 00 A0 3F B1,
36.1356,1.25,12.90397834777832,1.2501462697982788,1.2500009536743164,37.2501335144043,17,0,DF 07 03 08 16 01 02 B2 76 4E 41 CB 04 A0 3F 11 00 00 00 23 00 15 42 08 00 A0 3F 1F,
36.2484,1.25,12.903604507446289,1.250072717666626,1.2500009536743164,37.2501335144043,17,0,DF 07 03 08 16 01 02 2A 75 4E 41 62 02 A0 3F 11 00 00 00 23 00 15 42 08 00 A0 3F 13,
36.3150,1.25,12.90389633178711,1.2500619888305664,1.2500009536743164,37.28008270263672,17,0,DF 07 03 08 16 01 02 5C 76 4E 41 08 02 A0 3F 11 00 00 00 CE 1E 15 42 08 00 A0 3F 71,
36.4502,1.25,12.903514862060547,1.2502155303955078,1.2500009536743164,37.28008270263672,17,0,DF 07 03 08 16 01 02 CC 74 4E 41 10 07 A0 3F 11 00 00 00 CE 1E 15 42 08 00 A0 3F F6,
36.5176,1.25,12.903181076049805,1.250182032585144,1.2500009536743164,37.31243896484375,17,0,DF 07 03 08 16 01 02 6E 73 4E 41 F7 05 A0 3F 11 00 00 00 F0 3F 15 42 08 00 A0 3F 2D,
36.6078,1.25,12.90292739868164,1.2499926090240479,1.2500009536743164,37.31243896484375,17,0,DF 07 03 08 16 01 02 64 72 4E 41 C2 FF 9F 3F 11 00 00 00 F0 3F 15 42 08 00 A0 3F 74,
36.7419,1.25,12.902887344360352,1.2500168085098267,1.2500009536743164,37.34504699707031,17,0,DF 07 03 08 16 01 02 3A 72 4E 41 8D 00 A0 3F 11 00 00 00 54 61 15 42 08 00 A0 3F 4B,
36.8327,1.25,12.903139114379883,1.2502391338348389,1.2500009536743164,37.34504699707031,17,0,DF 07 03 08 16 01 02 42 73 4E 41 D6 07 A0 3F 11 00 00 00 54 61 15 42 08 00 A0 3F F2,
36.8999,1.25,12.90279769897461,1.250351905822754,1.2500009536743164,37.373565673828125,17,0,DF 07 03 08 16 01 02 DC 71 4E 41 88 0B A0 3F 11 00 00 00 88 7E 15 42 08 00 A0 3F 53,
37.0347,1.25,12.902969360351562,1.2502187490463257,1.2500009536743164,37.373565673828125,18,0,DF 07 03 08 16 01 02 90 72 4E 41 2B 07 A0 3F 12 00 00 00 88 7E 15 42 08 00 A0 3F FE,
37.1248,1.25,12.902545928955078,1.250300407409668,1.2500009536743164,37.403072357177734,18,0,DF 07 03 08 16 01 02 D4 70 4E 41 D8 09 A0 3F 12 00 00 00 BF 9C 15 42 08 00 A0 3F B8,
37.1923,1.25,12.902847290039062,1.2504944801330566,1.2500009536743164,37.403072357177734,18,0,DF 07 03 08 16 01 02 10 72 4E 41 34 10 A0 3F 12 00 00 00 BF 9C 15 42 08 00 A0 3F 17,
37.2372,1.25,12.902847290039062,1.2504944801330566,1.2500009536743164,37.431129455566406,18,0,DF 07 03 08 16 01 02 10 72 4E 41 34 10 A0 3F 12 00 00 00 7A B9 15 42 08 00 A0 3F 3F,
37.4167,1.25,12.902626037597656,1.250089168548584,1.2500009536743164,37.431129455566406,18,0,DF 07 03 08 16 01 02 28 71 4E 41 EC 02 A0 3F 12 00 00 00 7A B9 15 42 08 00 A0 3F 7E,
37.4401,1.25,12.902626037597656,1.250089168548584,1.2500009536743164,37.459205627441406,18,0,DF 07 03 08 16 01 02 28 71 4E 41 EC 02 A0 3F 12 00 00 00 3A D6 15 42 08 00 A0 3F A1,
37.5970,1.25,12.902414321899414,1.2499356269836426,1.2500009536743164,37.459205627441406,18,0,DF 07 03 08 16 01 02 4A 70 4E 41 E4 FD 9F 3F 12 00 00 00 3A D6 15 42 08 00 A0 3F 8E,
37.7095,1.25,12.902212142944336,1.2500947713851929,1.2500009536743164,37.4870491027832,18,0,DF 07 03 08 16 01 02 76 6F 4E 41 1B 03 A0 3F 12 00 00 00 BD F2 15 42 08 00 A0 3F 86,
37.7550,1.25,12.902040481567383,1.249976396560669,1.2500009536743164,37.4870491027832,18,0,DF 07 03 08 16 01 02 C2 6E 4E 41 3A FF 9F 3F 12 00 00 00 BD F2 15 42 08 00 A0 3F 21,
37.8448,1.25,12.902503967285156,1.2501907348632812,1.2500009536743164,37.4870491027832,18,0,DF 07 03 08 16 01 02 A8 70 4E 41 40 06 A0 3F 12 00 00 00 BD F2 15 42 08 00 A0 3F 2B,
37.9353,1.25,12.902162551879883,1.2500698566436768,1.2500009536743164,37.513465881347656,18,0,DF 07 03 08 16 01 02 42 6F 4E 41 4A 02 A0 3F 12 00 00 00 CA 0D 16 42 08 00 A0 3F 63,
38.0255,1.25,12.902334213256836,1.2500784397125244,1.2500009536743164,37.513465881347656,19,0,DF 07 03 08 16 01 02 F6 6F 4E 41 92 02 A0 3F 13 00 00 00 CA 0D 16 42 08 00 A0 3F 66,
38.1377,1.25,12.902040481567383,1.2499279975891113,1.2500009536743164,37.54012680053711,19,0,DF 07 03 08 16 01 02 C2 6E 4E 41 A4 FD 9F 3F 13 00 00 00 17 29 16 42 08 00 A0 3F 26,
38.2497,1.25,12.901958465576172,1.249943494796753,1.2500009536743164,37.54012680053711,19,0,DF 07 03 08 16 01 02 6C 6E 4E 41 26 FE 9F 3F 13 00 00 00 17 29 16 42 08 00 A0 3F F9,
38.4298,1.25,12.901998519897461,1.249920129776001,1.2500009536743164,37.565589904785156,19,0,DF 07 03 08 16 01 02 96 6E 4E 41 62 FD 9F 3F 13 00 00 00 2A 43 16 42 08 00 A0 3F 67,
38.4974,1.25,12.901664733886719,1.2499974966049194,1.2500009536743164,37.5893669128418,19,0,DF 07 03 08 16 01 02 38 6D 4E 41 EB FF 9F 3F 13 00 00 00 83 5B 16 42 08 00 A0 3F CA,
38.6092,1.25,12.901355743408203,1.2500126361846924,1.2500009536743164,37.5893669128418,19,0,DF 07 03 08 16 01 02 F4 6B 4E 41 6A 00 A0 3F 13 00 00 00 83 5B 16 42 08 00 A0 3F 8F,
38.6997,1.25,12.901103973388672,1.2498351335525513,1.2500009536743164,37.611942291259766,19,0,DF 07 03 08 16 01 02 EC 6A 4E 41 99 FA 9F 3F 13 00 00 00 A1 72 16 42 08 00 A0 3F 3B,
38.8121,1.25,12.901151657104492,1.2498712539672852,1.2500009536743164,37.611942291259766,19,0,DF 07 03 08 16 01 02 1E 6B 4E 41 C8 FB 9F 3F 13 00 00 00 A1 72 16 42 08 00 A0 3F D8,
38.8794,1.25,12.901233673095703,1.2497869729995728,1.2500009536743164,37.63379669189453,19,0,DF 07 03 08 16 01 02 74 6B 4E 41 05 F9 9F 3F 13 00 00 00 02 89 16 42 08 00 A0 3F CF,
39.0153,1.25,12.901275634765625,1.2497704029083252,1.2500009536743164,37.63379669189453,20,0,DF 07 03 08 16 01 02 A0 6B 4E 41 7A F8 9F 3F 14 00 00 00 02 89 16 42 08 00 A0 3F 2E,
39.0825,1.25,12.900981903076172,1.2497540712356567,1.2500009536743164,37.656150817871094,20,0,DF 07 03 08 16 01 02 6C 6A 4E 41 F1 F7 9F 3F 14 00 00 00 E6 9F 16 42 08 00 A0 3F F3,
39.2394,1.25,12.90093994140625,1.249758243560791,1.2500009536743164,37.656150817871094,20,0,DF 07 03 08 16 01 02 40 6A 4E 41 14 F8 9F 3F 14 00 00 00 E6 9F 16 42 08 00 A0 3F FB,
39.2625,1.25,12.90093994140625,1.249758243560791,1.2500009536743164,37.67778396606445,20,0,DF 07 03 08 16 01 02 40 6A 4E 41 14 F8 9F 3F 14 00 00 00 0D B6 16 42 08 00 A0 3F BD,
39.3745,1.25,12.90077018737793,1.249871015548706,1.2500009536743164,37.67778396606445,20,0,DF 07 03 08 16 01 02 8E 69 4E 41 C6 FB 9F 3F 14 00 00 00 0D B6 16 42 08 00 A0 3F BB,
39.4644,1.25,12.900558471679688,1.2497625350952148,1.2500009536743164,37.699180603027344,20,0,DF 07 03 08 16 01 02 B0 68 4E 41 38 F8 9F 3F 14 00 00 00 F6 CB 16 42 08 00 A0 3F 2D,
39.6449,1.25,12.900135040283203,1.2498836517333984,1.2500009536743164,37.699180603027344,20,0,DF 07 03 08 16 01 02 F4 66 4E 41 30 FC 9F 3F 14 00 00 00 F6 CB 16 42 08 00 A0 3F EF,
39.7115,1.25,12.900476455688477,1.2498836517333984,1.2500009536743164,37.716461181640625,20,0,DF 07 03 08 16 01 02 5A 68 4E 41 30 FC 9F 3F 14 00 00 00 A8 DD 16 42 08 00 A0 3F C3,
39.7573,1.25,12.900304794311523,1.2501065731048584,1.2500009536743164,37.716461181640625,20,0,DF 07 03 08 16 01 02 A6 67 4E 41 7E 03 A0 3F 14 00 00 00 A8 DD 16 42 08 00 A0 3F 22,
39.8705,1.25,12.900003433227539,1.250089168548584,1.2500009536743164,37.736167907714844,20,0,DF 07 03 08 16 01 02 6A 66 4E 41 EC 02 A0 3F 14 00 00 00 D6 F1 16 42 08 00 A0 3F B0,
40.0057,1.25,12.899881362915039,1.249969244003296,1.2500009536743164,37.736167907714844,21,0,DF 07 03 08 16 01 02 EA 65 4E 41 FE FE 9F 3F 15 00 00 00 D6 F1 16 42 08 00 A0 3F 23,
40.0500,1.25,12.899881362915039,1.249969244003296,1.2500009536743164,37.754913330078125,21,0,DF 07 03 08 16 01 02 EA 65 4E 41 FE FE 9F 3F 15 00 00 00 08 05 17 42 08 00 A0 3F DC,
40.1406,1.25,12.900003433227539,1.2500214576721191,1.2500009536743164,37.754913330078125,21,0,DF 07 03 08 16 01 02 6A 66 4E 41 B4 00 A0 3F 15 00 00 00 08 05 17 42 08 00 A0 3F A2,
40.2754,1.25,12.899669647216797,1.2501578330993652,1.2500009536743164,37.7739143371582,21,0,DF 07 03 08 16 01 02 0C 65 4E 41 2C 05 A0 3F 15 00 00 00 7D 18 17 42 08 00 A0 3F FC,
40.3424,1.25,12.900093078613281,1.2501835823059082,1.2500009536743164,37.7739143371582,21,0,DF 07 03 08 16 01 02 C8 66 4E 41 04 06 A0 3F 15 00 00 00 7D 18 17 42 08 00 A0 3F 66,
40.4552,1.25,12.899457931518555,1.250073790550232,1.2500009536743164,37.79339599609375,21,0,DF 07 03 08 16 01 02 2E 64 4E 41 6B 02 A0 3F 15 00 00 00 70 2C 17 42 08 00 A0 3F 98,
40.5672,1.25,12.899377822875977,1.2500736713409424,1.2500009536743164,37.79339599609375,21,0,DF 07 03 08 16 01 02 DA 63 4E 41 6A 02 A0 3F 15 00 00 00 70 2C 17 42 08 00 A0 3F EE,
40.6803,1.25,12.899417877197266,1.249915599822998,1.2500009536743164,37.813140869140625,21,0,DF 07 03 08 16 01 02 04 64 4E 41 3C FD 9F 3F 15 00 00 00 A8 40 17 42 08 00 A0 3F AB,
40.7479,1.25,12.899335861206055,1.2500985860824585,1.2500009536743164,37.813140869140625,21,0,DF 07 03 08 16 01 02 AE 63 4E 41 3B 03 A0 3F 15 00 00 00 A8 40 17 42 08 00 A0 3F FC,
40.8374,1.25,12.899457931518555,1.2502717971801758,1.2500009536743164,37.813140869140625,21,0,DF 07 03 08 16 01 02 2E 64 4E 41 E8 08 A0 3F 15 00 00 00 A8 40 17 42 08 00 A0 3F C9,
40.9732,1.25,12.898904800415039,1.2501025199890137,1.2500009536743164,37.83507537841797,21,0,DF 07 03 08 16 01 02 EA 61 4E 41 5C 03 A0 3F 15 00 00 00 1E 57 17 42 08 00 A0 3F 14,
41.0622,1.25,12.898530960083008,1.2500824928283691,1.2500009536743164,37.83507537841797,22,0,DF 07 03 08 16 01 02 62 60 4E 41 B4 02 A0 3F 16 00 00 00 1E 57 17 42 08 00 A0 3F 45,
41.1531,1.25,12.89874267578125,1.2500581741333008,1.2500009536743164,37.854103088378906,22,0,DF 07 03 08 16 01 02 40 61 4E 41 E8 01 A0 3F 16 00 00 00 9A 6A 17 42 08 00 A0 3F A4,
41.2424,1.25,12.898653030395508,1.2501789331436157,1.2500009536743164,37.87459182739258,22,0,DF 07 03 08 16 01 02 E2 60 4E 41 DD 05 A0 3F 16 00 00 00 95 7F 17 42 08 00 A0 3F FA,
41.3550,1.25,12.898530960083008,1.2503652572631836,1.2500009536743164,37.87459182739258,22,0,DF 07 03 08 16 01 02 62 60 4E 41 F8 0B A0 3F 16 00 00 00 95 7F 17 42 08 00 A0 3F 59,
41.4444,1.25,12.898653030395508,1.2500860691070557,1.2500009536743164,37.89607620239258,22,0,DF 07 03 08 16 01 02 E2 60 4E 41 D2 02 A0 3F 16 00 00 00 95 95 17 42 08 00 A0 3F F2,
41.5349,1.25,12.898530960083008,1.2500377893447876,1.2500009536743164,37.89607620239258,22,0,DF 07 03 08 16 01 02 62 60 4E 41 3D 01 A0 3F 16 00 00 00 95 95 17 42 08 00 A0 3F 08,
41.6685,1.25,12.898277282714844,1.2502195835113525,1.2500009536743164,37.89607620239258,22,0,DF 07 03 08 16 01 02 58 5F 4E 41 32 07 A0 3F 16 00 00 00 95 95 17 42 08 00 A0 3F 18,
41.8275,1.25,12.898319244384766,1.249932050704956,1.2500009536743164,37.91559600830078,22,0,DF 07 03 08 16 01 02 84 5F 4E 41 C6 FD 9F 3F 16 00 00 00 92 A9 17 42 08 00 A0 3F 52,
41.9401,1.25,12.897943496704102,1.2499403953552246,1.2500009536743164,37.93342971801758,22,0,DF 07 03 08 16 01 02 FA 5D 4E 41 0C FE 9F 3F 16 00 00 00 D5 BB 17 42 08 00 A0 3F 42,
42.0748,1.25,12.898359298706055,1.2500650882720947,1.2500009536743164,37.93342971801758,23,0,DF 07 03 08 16 01 02 AE 5F 4E 41 22 02 A0 3F 17 00 00 00 D5 BB 17 42 08 00 A0 3F 70,
42.1195,1.25,12.898277282714844,1.250110387802124,1.2500009536743164,37.952239990234375,23,0,DF 07 03 08 16 01 02 58 5F 4E 41 9E 03 A0 3F 17 00 00 00 18 CF 17 42 08 00 A0 3F F2,
42.2101,1.25,12.898197174072266,1.2503490447998047,1.2500009536743164,37.952239990234375,23,0,DF 07 03 08 16 01 02 04 5F 4E 41 70 0B A0 3F 17 00 00 00 18 CF 17 42 08 00 A0 3F 6C,
42.2553,1.25,12.898237228393555,1.2503037452697754,1.2500009536743164,37.97080612182617,23,0,DF 07 03 08 16 01 02 2E 5F 4E 41 F4 09 A0 3F 17 00 00 00 1B E2 17 42 08 00 A0 3F AA,
42.3673,1.25,12.898107528686523,1.250166416168213,1.2500009536743164,37.97080612182617,23,0,DF 07 03 08 16 01 02 A6 5E 4E 41 74 05 A0 3F 17 00 00 00 1B E2 17 42 08 00 A0 3F B7,
42.4575,1.25,12.897684097290039,1.2501094341278076,1.2500009536743164,37.99085235595703,23,0,DF 07 03 08 16 01 02 EA 5C 4E 41 96 03 A0 3F 17 00 00 00 A2 F6 17 42 08 00 A0 3F BA,
42.5252,1.25,12.89785385131836,1.2500051259994507,1.2500009536743164,37.99085235595703,23,0,DF 07 03 08 16 01 02 9C 5D 4E 41 2B 00 A0 3F 17 00 00 00 A2 F6 17 42 08 00 A0 3F 75,
42.6378,1.25,12.897764205932617,1.250187635421753,1.2500009536743164,38.01016616821289,23,1,DF 07 03 08 16 41 02 3E 5D 4E 41 26 06 A0 3F 17 00 00 00 69 0A 18 42 08 00 A0 3F B6,
42.7270,1.25,12.898155212402344,1.2501142024993896,1.2500009536743164,38.01016616821289,23,1,DF 07 03 08 16 41 02 D8 5E 4E 41 BE 03 A0 3F 17 00 00 00 69 0A 18 42 08 00 A0 3F 86,
42.9079,1.25,12.897642135620117,1.2501180171966553,1.2500009536743164,38.02973937988281,23,1,DF 07 03 08 16 41 02 BE 5C 4E 41 DE 03 A0 3F 17 00 00 00 74 1E 18 42 08 00 A0 3F 63,
42.9300,1.25,12.897806167602539,1.250105619430542,1.2500009536743164,38.02973937988281,23,1,DF 07 03 08 16 41 02 6A 5D 4E 41 76 03 A0 3F 17 00 00 00 74 1E 18 42 08 00 A0 3F 1E,
43.0636,1.25,12.897552490234375,1.2501744031906128,1.2500009536743164,38.02973937988281,24,1,DF 07 03 08 16 41 02 60 5C 4E 41 B7 05 A0 3F 18 00 00 00 74 1E 18 42 08 00 A0 3F E5,
43.1763,1.25,12.897430419921875,1.2499973773956299,1.2500009536743164,38.04784393310547,24,1,DF 07 03 08 16 41 02 E0 5B 4E 41 EA FF 9F 3F 18 00 00 00 FE 30 18 42 08 00 A0 3F 9E,
43.2220,1.25,12.897260665893555,1.2500371932983398,1.2500009536743164,38.04784393310547,24,1,DF 07 03 08 16 41 02 2E 5B 4E 41 38 01 A0 3F 18 00 00 00 FE 30 18 42 08 00 A0 3F FF,
43.3349,1.25,12.897300720214844,1.2500487565994263,1.2500009536743164,38.06669235229492,24,1,DF 07 03 08 16 41 02 58 5B 4E 41 99 01 A0 3F 18 00 00 00 4B 44 18 42 08 00 A0 3F 13,
43.4250,1.25,12.89688491821289,1.2500215768814087,1.2500009536743164,38.06669235229492,24,1,DF 07 03 08 16 41 02 A4 59 4E 41 B5 00 A0 3F 18 00 00 00 4B 44 18 42 08 00 A0 3F AE,
43.5374,1.25,12.896966934204102,1.2500369548797607,1.2500009536743164,38.085304260253906,24,1,DF 07 03 08 16 41 02 FA 59 4E 41 36 01 A0 3F 18 00 00 00 5A 57 18 42 08 00 A0 3F B4,
43.6717,1.25,12.89688491821289,1.2499606609344482,1.2500009536743164,38.105628967285156,24,1,DF 07 03 08 16 41 02 A4 59 4E 41 B6 FE 9F 3F 18 00 00 00 2A 6C 18 42 08 00 A0 3F A9,
43.7175,1.25,12.89671516418457,1.2500331401824951,1.2500009536743164,38.105628967285156,24,1,DF 07 03 08 16 41 02 F2 58 4E 41 16 01 A0 3F 18 00 00 00 2A 6C 18 42 08 00 A0 3F F8,
43.8517,1.25,12.896673202514648,1.2497947216033936,1.2500009536743164,38.105628967285156,24,1,DF 07 03 08 16 41 02 C6 58 4E 41 46 F9 9F 3F 18 00 00 00 2A 6C 18 42 08 00 A0 3F FD,
43.9200,1.25,12.89663314819336,1.249685525894165,1.2500009536743164,38.126461029052734,24,1,DF 07 03 08 16 41 02 9C 58 4E 41 B2 F5 9F 3F 18 00 00 00 7F 81 18 42 08 00 A0 3F 55,
44.0319,1.25,12.89659309387207,1.2500486373901367,1.2500009536743164,38.126461029052734,25,1,DF 07 03 08 16 41 02 72 58 4E 41 98 01 A0 3F 19 00 00 00 7F 81 18 42 08 00 A0 3F 8B,
44.0999,1.25,12.896331787109375,1.2499933242797852,1.2500009536743164,38.147789001464844,25,1,DF 07 03 08 16 41 02 60 57 4E 41 C8 FF 9F 3F 19 00 00 00 56 97 18 42 08 00 A0 3F 84,
44.2122,1.25,12.896038055419922,1.2500581741333008,1.2500009536743164,38.147789001464844,25,1,DF 07 03 08 16 41 02 2C 56 4E 41 E8 01 A0 3F 19 00 00 00 56 97 18 42 08 00 A0 3F 96,
44.2801,1.25,12.896413803100586,1.2499163150787354,1.2500009536743164,38.16740417480469,25,1,DF 07 03 08 16 41 02 B6 57 4E 41 42 FD 9F 3F 19 00 00 00 6C AB 18 42 08 00 A0 3F 8C,
44.4146,1.25,12.896202087402344,1.250098705291748,1.2500009536743164,38.16740417480469,25,1,DF 07 03 08 16 41 02 D8 56 4E 41 3C 03 A0 3F 19 00 00 00 6C AB 18 42 08 00 A0 3F 6A,
44.5048,1.25,12.896160125732422,1.250098705291748,1.2500009536743164,38.18678283691406,25,1,DF 07 03 08 16 41 02 AC 56 4E 41 3C 03 A0 3F 19 00 00 00 44 BF 18 42 08 00 A0 3F AA,
44.5497,1.25,12.896249771118164,1.2501221895217896,1.2500009536743164,38.18678283691406,25,1,DF 07 03 08 16 41 02 0A 57 4E 41 01 04 A0 3F 19 00 00 00 44 BF 18 42 08 00 A0 3F 85,
44.6406,1.25,12.896080017089844,1.2502477169036865,1.2500009536743164,38.20542526245117,25,1,DF 07 03 08 16 41 02 58 56 4E 41 1E 08 A0 3F 19 00 00 00 5B D2 18 42 08 00 A0 3F ED,
44.7752,1.25,12.895998001098633,1.2500940561294556,1.2500009536743164,38.20542526245117,25,1,DF 07 03 08 16 41 02 02 56 4E 41 15 03 A0 3F 19 00 00 00 5B D2 18 42 08 00 A0 3F 51,
44.8420,1.25,12.895868301391602,1.2500379085540771,1.2500009536743164,38.223594665527344,25,1,DF 07 03 08 16 41 02 7A 55 4E 41 3E 01 A0 3F 19 00 00 00 F6 E4 18 42 08 00 A0 3F 06,
44.9772,1.25,12.895574569702148,1.25002121925354,1.2500009536743164,38.223594665527344,25,1,DF 07 03 08 16 41 02 46 54 4E 41 B2 00 A0 3F 19 00 00 00 F6 E4 18 42 08 00 A0 3F C8,
45.0448,1.25,12.895362854003906,1.2499488592147827,1.2500009536743164,38.24323272705078,26,1,DF 07 03 08 16 41 02 68 53 4E 41 53 FE 9F 3F 1A 00 00 00 12 F9 18 42 08 00 A0 3F D7,
45.1350,1.25,12.895362854003906,1.2498352527618408,1.2500009536743164,38.24323272705078,26,1,DF 07 03 08 16 41 02 68 53 4E 41 9A FA 9F 3F 1A 00 00 00 12 F9 18 42 08 00 A0 3F 94,
45.2699,1.25,12.895452499389648,1.2498679161071777,1.2500009536743164,38.26362991333008,26,1,DF 07 03 08 16 41 02 C6 53 4E 41 AC FB 9F 3F 1A 00 00 00 F5 0D 19 42 08 00 A0 3F 2B,
45.4272,1.25,12.895313262939453,1.2500901222229004,1.2500009536743164,38.26362991333008,26,1,DF 07 03 08 16 41 02 34 53 4E 41 F4 02 A0 3F 1A 00 00 00 F5 0D 19 42 08 00 A0 3F 6D,
45.4503,1.25,12.89553451538086,1.2500619888305664,1.2500009536743164,38.28107833862305,26,1,DF 07 03 08 16 41 02 1C 54 4E 41 08 02 A0 3F 1A 00 00 00 D3 1F 19 42 08 00 A0 3F 80,
45.5393,1.25,12.89594841003418,1.2500011920928955,1.2500009536743164,38.28107833862305,26,1,DF 07 03 08 16 41 02 CE 55 4E 41 0A 00 A0 3F 1A 00 00 00 D3 1F 19 42 08 00 A0 3F CD,
45.6523,1.25,12.895614624023438,1.2501064538955688,1.2500009536743164,38.294090270996094,26,1,DF 07 03 08 16 41 02 70 54 4E 41 7D 03 A0 3F 1A 00 00 00 26 2D 19 42 08 00 A0 3F 55,
45.7416,1.25,12.89565658569336,1.24998939037323,1.2500009536743164,38.294090270996094,26,1,DF 07 03 08 16 41 02 9C 54 4E 41 A7 FF 9F 3F 1A 00 00 00 26 2D 19 42 08 00 A0 3F 04,
45.8540,1.25,12.895574569702148,1.2500340938568115,1.2500009536743164,38.312034606933594,26,1,DF 07 03 08 16 41 02 46 54 4E 41 1E 01 A0 3F 1A 00 00 00 86 3F 19 42 08 00 A0 3F 6E,
45.9213,1.25,12.895402908325195,1.2500331401824951,1.2500009536743164,38.312034606933594,26,1,DF 07 03 08 16 41 02 92 53 4E 41 16 01 A0 3F 1A 00 00 00 86 3F 19 42 08 00 A0 3F 2B,
46.0354,1.25,12.895402908325195,1.2499855756759644,1.2500009536743164,38.330230712890625,27,1,DF 07 03 08 16 41 02 92 53 4E 41 87 FF 9F 3F 1B 00 00 00 28 52 19 42 08 00 A0 3F 07,
46.1473,1.25,12.895402908325195,1.2500455379486084,1.2500009536743164,38.330230712890625,27,1,DF 07 03 08 16 41 02 92 53 4E 41 7E 01 A0 3F 1B 00 00 00 28 52 19 42 08 00 A0 3F 0D,
46.2590,1.25,12.895402908325195,1.2499964237213135,1.2500009536743164,38.348175048828125,27,1,DF 07 03 08 16 41 02 92 53 4E 41 E2 FF 9F 3F 1B 00 00 00 88 64 19 42 08 00 A0 3F 3A,
46.3271,1.25,12.895313262939453,1.2500534057617188,1.2500009536743164,38.348175048828125,27,1,DF 07 03 08 16 41 02 34 53 4E 41 C0 01 A0 3F 1B 00 00 00 88 64 19 42 08 00 A0 3F B7,
46.4177,1.25,12.894899368286133,1.2500214576721191,1.2500009536743164,38.348175048828125,27,1,DF 07 03 08 16 41 02 82 51 4E 41 B4 00 A0 3F 1B 00 00 00 88 64 19 42 08 00 A0 3F 78,
46.5301,1.25,12.89484977722168,1.2498842477798462,1.2500009536743164,38.36515808105469,27,1,DF 07 03 08 16 41 02 4E 51 4E 41 35 FC 9F 3F 1B 00 00 00 EC 75 19 42 08 00 A0 3F BB,
46.6636,1.25,12.894598007202148,1.249875783920288,1.2500009536743164,38.38237762451172,27,1,DF 07 03 08 16 41 02 46 50 4E 41 EE FB 9F 3F 1B 00 00 00 8E 87 19 42 08 00 A0 3F 58,
46.6875,1.25,12.894899368286133,1.2498430013656616,1.2500009536743164,38.38237762451172,27,1,DF 07 03 08 16 41 02 82 51 4E 41 DB FA 9F 3F 1B 00 00 00 8E 87 19 42 08 00 A0 3F 2F,
46.8452,1.25,12.894645690917969,1.250186800956726,1.2500009536743164,38.39763641357422,27,1,DF 07 03 08 16 41 02 78 50 4E 41 1F 06 A0 3F 1B 00 00 00 2E 97 19 42 08 00 A0 3F 39,
46.8903,1.25,12.894645690917969,1.250186800956726,1.2500009536743164,38.39763641357422,27,1,DF 07 03 08 16 41 02 78 50 4E 41 1F 06 A0 3F 1B 00 00 00 2E 97 19 42 08 00 A0 3F 39,
47.0255,1.25,12.894344329833984,1.2498795986175537,1.2500009536743164,38.39763641357422,28,1,DF 07 03 08 16 41 02 3C 4F 4E 41 0E FC 9F 3F 1C 00 00 00 2E 97 19 42 08 00 A0 3F 91,
47.0924,1.25,12.894344329833984,1.2498186826705933,1.2500009536743164,38.413143157958984,28,1,DF 07 03 08 16 41 02 3C 4F 4E 41 0F FA 9F 3F 1C 00 00 00 0F A7 19 42 08 00 A0 3F A1,
47.2271,1.25,12.893962860107422,1.2498996257781982,1.2500009536743164,38.413143157958984,28,1,DF 07 03 08 16 41 02 AC 4D 4E 41 B6 FC 9F 3F 1C 00 00 00 0F A7 19 42 08 00 A0 3F 8A,
47.2946,1.25,12.894182205200195,1.249969244003296,1.2500009536743164,38.42742156982422,28,1,DF 07 03 08 16 41 02 92 4E 4E 41 FE FE 9F 3F 1C 00 00 00 AE B5 19 42 08 00 A0 3F AC,
47.4287,1.25,12.894142150878906,1.2499481439590454,1.2500009536743164,38.42742156982422,28,1,DF 07 03 08 16 41 02 68 4E 4E 41 4D FE 9F 3F 1C 00 00 00 AE B5 19 42 08 00 A0 3F 87,
47.5417,1.25,12.893962860107422,1.2500011920928955,1.2500009536743164,38.44121551513672,28,1,DF 07 03 08 16 41 02 AC 4D 4E 41 0A 00 A0 3F 1C 00 00 00 CE C3 19 42 08 00 A0 3F 56,
47.6552,1.25,12.893791198730469,1.2500901222229004,1.2500009536743164,38.45131301879883,28,1,DF 07 03 08 16 41 02 F8 4C 4E 41 F4 02 A0 3F 1C 00 00 00 25 CE 19 42 08 00 A0 3F BD,
47.7221,1.25,12.893709182739258,1.2501180171966553,1.2500009536743164,38.45131301879883,28,1,DF 07 03 08 16 41 02 A2 4C 4E 41 DE 03 A0 3F 1C 00 00 00 25 CE 19 42 08 00 A0 3F 28,
47.8351,1.25,12.893669128417969,1.2499613761901855,1.2500009536743164,38.46660614013672,28,1,DF 07 03 08 16 41 02 78 4C 4E 41 BC FE 9F 3F 1C 00 00 00 CE DD 19 42 08 00 A0 3F C2,
47.9246,1.25,12.89362907409668,1.2500813007354736,1.2500009536743164,38.46660614013672,28,1,DF 07 03 08 16 41 02 4E 4C 4E 41 AA 02 A0 3F 1C 00 00 00 CE DD 19 42 08 00 A0 3F F9,
47.9927,1.25,12.893417358398438,1.250093936920166,1.2500009536743164,38.46660614013672,28,1,DF 07 03 08 16 41 02 70 4B 4E 41 14 03 A0 3F 1C 00 00 00 CE DD 19 42 08 00 A0 3F 6D,
48.0594,1.25,12.893375396728516,1.2499809265136719,1.2500009536743164,38.473751068115234,29,1,DF 07 03 08 16 41 02 44 4B 4E 41 60 FF 9F 3F 1D 00 00 00 1F E5 19 42 08 00 A0 3F F8,
48.2179,1.25,12.893457412719727,1.2499436140060425,1.2500009536743164,38.473751068115234,29,1,DF 07 03 08 16 41 02 9A 4B 4E 41 27 FE 9F 3F 1D 00 00 00 1F E5 19 42 08 00 A0 3F DC,
48.2624,1.25,12.893205642700195,1.2500860691070557,1.2500009536743164,38.484596252441406,29,1,DF 07 03 08 16 41 02 92 4A 4E 41 D2 02 A0 3F 1D 00 00 00 3A F0 19 42 08 00 A0 3F 0F,
48.3532,1.25,12.893417358398438,1.2502474784851074,1.2500009536743164,38.484596252441406,29,1,DF 07 03 08 16 41 02 70 4B 4E 41 1C 08 A0 3F 1D 00 00 00 3A F0 19 42 08 00 A0 3F E0,
48.4418,1.25,12.892993927001953,1.2501064538955688,1.2500009536743164,38.484596252441406,29,1,DF 07 03 08 16 41 02 B4 49 4E 41 7D 03 A0 3F 1D 00 00 00 3A F0 19 42 08 00 A0 3F 42,
48.5094,1.25,12.893245697021484,1.2500667572021484,1.2500009536743164,38.49297332763672,29,1,DF 07 03 08 16 41 02 BC 4A 4E 41 30 02 A0 3F 1D 00 00 00 CE F8 19 42 08 00 A0 3F EB,
48.6671,1.25,12.893123626708984,1.2499768733978271,1.2500009536743164,38.50284194946289,29,1,DF 07 03 08 16 41 02 3C 4A 4E 41 3E FF 9F 3F 1D 00 00 00 E9 02 1A 42 08 00 A0 3F 3B,
48.7124,1.25,12.893205642700195,1.2501267194747925,1.2500009536743164,38.50284194946289,29,1,DF 07 03 08 16 41 02 92 4A 4E 41 27 04 A0 3F 1D 00 00 00 E9 02 1A 42 08 00 A0 3F F6,
48.8244,1.2,12.892951965332031,1.250154733657837,1.2500009536743164,38.50284194946289,29,1,DF 07 03 08 16 41 02 88 49 4E 41 12 05 A0 3F 1D 00 00 00 E9 02 1A 42 08 00 A0 3F 15,
48.9374,1.2,12.89688491821289,1.233694314956665,1.2000010013580322,38.51221466064453,29,1,DF 07 03 08 16 41 02 A4 59 4E 41 B2 E9 9D 3F 1D 00 00 00 82 0C 1A 42 A2 99 99 3F 99,
49.0269,1.2,12.897260665893555,1.2000107765197754,1.2000010013580322,38.51221466064453,30,1,DF 07 03 08 16 41 02 2E 5B 4E 41 F4 99 99 3F 1E 00 00 00 82 0C 1A 42 A2 99 99 3F 1E,
49.1402,1.2,12.897260665893555,1.2000300884246826,1.2000010013580322,38.51912307739258,30,1,DF 07 03 08 16 41 02 2E 5B 4E 41 96 9A 99 3F 1E 00 00 00 95 13 1A 42 A2 99 99 3F 61,
49.2523,1.2,12.897138595581055,1.1999249458312988,1.2000010013580322,38.525787353515625,30,1,DF 07 03 08 16 41 02 AE 5A 4E 41 24 97 99 3F 1E 00 00 00 68 1A 1A 42 A2 99 99 3F 7D,
49.3649,1.2,12.896966934204102,1.1997721195220947,1.2000010013580322,38.525787353515625,30,1,DF 07 03 08 16 41 02 FA 59 4E 41 22 92 99 3F 1E 00 00 00 68 1A 1A 42 A2 99 99 3F 39,
49.4779,1.2,12.89675521850586,1.199690341949463,1.2000010013580322,38.53343963623047,30,1,DF 07 03 08 16 41 02 1C 59 4E 41 74 8F 99 3F 1E 00 00 00 3E 22 1A 42 A2 99 99 3F EA,
49.5230,1.2,12.89688491821289,1.1998929977416992,1.2000010013580322,38.53343963623047,30,1,DF 07 03 08 16 41 02 A4 59 4E 41 18 96 99 3F 1E 00 00 00 3E 22 1A 42 A2 99 99 3F B7,
49.6574,1.2,12.89671516418457,1.1999411582946777,1.2000010013580322,38.546016693115234,30,1,DF 07 03 08 16 41 02 F2 58 4E 41 AC 97 99 3F 1E 00 00 00 1F 2F 1A 42 A2 99 99 3F E7,
49.7690,1.2,12.896804809570312,1.199884295463562,1.2000010013580322,38.546016693115234,30,1,DF 07 03 08 16 41 02 50 59 4E 41 CF 95 99 3F 1E 00 00 00 1F 2F 1A 42 A2 99 99 3F 67,
49.8821,1.2,12.896804809570312,1.1997915506362915,1.2000010013580322,38.55417251586914,30,1,DF 07 03 08 16 41 02 50 59 4E 41 C5 92 99 3F 1E 00 00 00 79 37 1A 42 A2 99 99 3F 12,
49.9494,1.2,12.896413803100586,1.1998891830444336,1.2000010013580322,38.55417251586914,30,1,DF 07 03 08 16 41 02 B6 57 4E 41 F8 95 99 3F 1E 00 00 00 79 37 1A 42 A2 99 99 3F 78,
50.0399,1.2,12.896543502807617,1.1999294757843018,1.2000010013580322,38.553672790527344,31,1,DF 07 03 08 16 41 02 3E 58 4E 41 4A 97 99 3F 1F 00 00 00 F6 36 1A 42 A2 99 99 3F 1E,
50.1073,1.2,12.896543502807617,1.1998040676116943,1.2000010013580322,38.553672790527344,31,1,DF 07 03 08 16 41 02 3E 58 4E 41 2E 93 99 3F 1F 00 00 00 F6 36 1A 42 A2 99 99 3F 3E,
50.2425,1.2,12.896413803100586,1.2000877857208252,1.2000010013580322,38.559852600097656,31,1,DF 07 03 08 16 41 02 B6 57 4E 41 7A 9C 99 3F 1F 00 00 00 4A 3D 1A 42 A2 99 99 3F 17,
50.3094,1.2,12.896543502807617,1.2000658512115479,1.2000010013580322,38.559852600097656,31,1,DF 07 03 08 16 41 02 3E 58 4E 41 C2 9B 99 3F 1F 00 00 00 4A 3D 1A 42 A2 99 99 3F 47,
50.4439,1.2,12.895998001098633,1.1999046802520752,1.2000010013580322,38.56305694580078,31,1,DF 07 03 08 16 41 02 02 56 4E 41 7A 96 99 3F 1F 00 00 00 92 40 1A 42 A2 99 99 3F 87,
50.5118,1.2,12.896291732788086,1.2001063823699951,1.2000010013580322,38.56305694580078,31,1,DF 07 03 08 16 41 02 36 57 4E 41 16 9D 99 3F 1F 00 00 00 92 40 1A 42 A2 99 99 3F AF,
50.6023,1.2,12.89594841003418,1.1999335289001465,1.2000010013580322,38.56305694580078,31,1,DF 07 03 08 16 41 02 CE 55 4E 41 6C 97 99 3F 1F 00 00 00 92 40 1A 42 A2 99 99 3F C9,
50.7145,1.2,12.896080017089844,1.2000185251235962,1.2000010013580322,38.5677490234375,31,1,DF 07 03 08 16 41 02 58 56 4E 41 35 9A 99 3F 1F 00 00 00 60 45 1A 42 A2 99 99 3F 9F,
50.8717,1.2,12.896120071411133,1.199819803237915,1.2000010013580322,38.57343292236328,31,1,DF 07 03 08 16 41 02 82 56 4E 41 B2 93 99 3F 1F 00 00 00 32 4B 1A 42 A2 99 99 3F 27,
50.9170,1.2,12.896038055419922,1.1997549533843994,1.2000010013580322,38.57343292236328,31,1,DF 07 03 08 16 41 02 2C 56 4E 41 92 91 99 3F 1F 00 00 00 32 4B 1A 42 A2 99 99 3F 9F,
51.0300,1.2,12.89590835571289,1.1997838020324707,1.2000010013580322,38.57343292236328,31,1,DF 07 03 08 16 41 02 A4 55 4E 41 84 92 99 3F 1F 00 00 00 32 4B 1A 42 A2 99 99 3F 35,
51.0972,1.2,12.89590835571289,1.2000715732574463,1.2000010013580322,38.5791130065918,32,1,DF 07 03 08 16 41 02 A4 55 4E 41 F2 9B 99 3F 20 00 00 00 03 51 1A 42 A2 99 99 3F E6,
51.1415,1.2,12.895746231079102,1.2000997066497803,1.2000010013580322,38.5791130065918,32,1,DF 07 03 08 16 41 02 FA 54 4E 41 DE 9C 99 3F 20 00 00 00 03 51 1A 42 A2 99 99 3F A4,
51.2779,1.2,12.895452499389648,1.199998140335083,1.2000010013580322,38.58405303955078,32,1,DF 07 03 08 16 41 02 C6 53 4E 41 8A 99 99 3F 20 00 00 00 12 56 1A 42 A2 99 99 3F 1C,
51.3221,1.2,12.895362854003906,1.2001837491989136,1.2000010013580322,38.58405303955078,32,1,DF 07 03 08 16 41 02 68 53 4E 41 9F 9F 99 3F 20 00 00 00 12 56 1A 42 A2 99 99 3F 5F,
51.4577,1.2,12.895696640014648,1.200087070465088,1.2000010013580322,38.58677291870117,32,1,DF 07 03 08 16 41 02 C6 54 4E 41 74 9C 99 3F 20 00 00 00 DB 58 1A 42 A2 99 99 3F 63,
51.5483,1.2,12.89578628540039,1.2000668048858643,1.2000010013580322,38.58677291870117,32,1,DF 07 03 08 16 41 02 24 55 4E 41 CA 9B 99 3F 20 00 00 00 DB 58 1A 42 A2 99 99 3F AF,
51.6372,1.2,12.895452499389648,1.2000994682312012,1.2000010013580322,38.58677291870117,32,1,DF 07 03 08 16 41 02 C6 53 4E 41 DC 9C 99 3F 20 00 00 00 DB 58 1A 42 A2 99 99 3F FC,
51.7265,1.2,12.895574569702148,1.2002047300338745,1.2000010013580322,38.596412658691406,32,1,DF 07 03 08 16 41 02 46 54 4E 41 4F A0 99 3F 20 00 00 00 BA 62 1A 42 A2 99 99 3F 1B,
51.8392,1.2,12.895614624023438,1.2000434398651123,1.2000010013580322,38.596412658691406,32,1,DF 07 03 08 16 41 02 70 54 4E 41 06 9B 99 3F 20 00 00 00 BA 62 1A 42 A2 99 99 3F 3F,
51.9067,1.2,12.895492553710938,1.2000714540481567,1.2000010013580322,38.59690475463867,32,1,DF 07 03 08 16 41 02 F0 53 4E 41 F1 9B 99 3F 20 00 00 00 3B 63 1A 42 A2 99 99 3F 53,
52.0422,1.2,12.895101547241211,1.1999810934066772,1.2000010013580322,38.59690475463867,33,1,DF 07 03 08 16 41 02 56 52 4E 41 FB 98 99 3F 21 00 00 00 3B 63 1A 42 A2 99 99 3F E6,
52.1091,1.2,12.895233154296875,1.2002811431884766,1.2000010013580322,38.605552673339844,33,1,DF 07 03 08 16 41 02 E0 52 4E 41 D0 A2 99 3F 21 00 00 00 16 6C 1A 42 A2 99 99 3F 99,
52.2444,1.2,12.895191192626953,1.1997838020324707,1.2000010013580322,38.605552673339844,33,1,DF 07 03 08 16 41 02 B4 52 4E 41 84 92 99 3F 21 00 00 00 16 6C 1A 42 A2 99 99 3F 21,
52.2664,1.2,12.895191192626953,1.1997838020324707,1.2000010013580322,38.610740661621094,33,1,DF 07 03 08 16 41 02 B4 52 4E 41 84 92 99 3F 21 00 00 00 66 71 1A 42 A2 99 99 3F CC,
52.3559,1.2,12.895021438598633,1.1998564004898071,1.2000010013580322,38.610740661621094,33,1,DF 07 03 08 16 41 02 02 52 4E 41 E5 94 99 3F 21 00 00 00 66 71 1A 42 A2 99 99 3F 1B,
52.4472,1.2,12.89480972290039,1.2001142501831055,1.2000010013580322,38.610740661621094,33,1,DF 07 03 08 16 41 02 24 51 4E 41 58 9D 99 3F 21 00 00 00 66 71 1A 42 A2 99 99 3F 7E,
52.5154,1.2,12.89472770690918,1.2001198530197144,1.2000010013580322,38.61865234375,33,1,DF 07 03 08 16 41 02 CE 50 4E 41 87 9D 99 3F 21 00 00 00 80 79 1A 42 A2 99 99 3F 84,
52.6720,1.2,12.894645690917969,1.2001875638961792,1.2000010013580322,38.62384796142578,33,1,DF 07 03 08 16 41 02 78 50 4E 41 BF 9F 99 3F 21 00 00 00 D2 7E 1A 42 A2 99 99 3F 49,
52.7173,1.2,12.894899368286133,1.2002038955688477,1.2000010013580322,38.62384796142578,33,1,DF 07 03 08 16 41 02 82 51 4E 41 48 A0 99 3F 21 00 00 00 D2 7E 1A 42 A2 99 99 3F B4,
52.8525,1.2,12.894433975219727,1.200047254562378,1.2000010013580322,38.62879180908203,33,1,DF 07 03 08 16 41 02 9A 4F 4E 41 26 9B 99 3F 21 00 00 00 E2 83 1A 42 A2 99 99 3F B0,
52.9197,1.2,12.894598007202148,1.2000176906585693,1.2000010013580322,38.62879180908203,33,1,DF 07 03 08 16 41 02 46 50 4E 41 2E 9A 99 3F 21 00 00 00 E2 83 1A 42 A2 99 99 3F FC,
53.0312,1.2,12.894264221191406,1.2000503540039062,1.2000010013580322,38.62879180908203,33,1,DF 07 03 08 16 41 02 E8 4E 4E 41 40 9B 99 3F 21 00 00 00 E2 83 1A 42 A2 99 99 3F 49,
53.0991,1.2,12.894598007202148,1.1999812126159668,1.2000010013580322,38.63274383544922,34,1,DF 07 03 08 16 41 02 46 50 4E 41 FC 98 99 3F 22 00 00 00 EE 87 1A 42 A2 99 99 3F 1F,
53.1894,1.2,12.894475936889648,1.2000348567962646,1.2000010013580322,38.63274383544922,34,1,DF 07 03 08 16 41 02 C6 4F 4E 41 BE 9A 99 3F 22 00 00 00 EE 87 1A 42 A2 99 99 3F DC,
53.3028,1.2,12.894475936889648,1.19990074634552,1.2000010013580322,38.638187408447266,34,1,DF 07 03 08 16 41 02 C6 4F 4E 41 59 96 99 3F 22 00 00 00 81 8D 1A 42 A2 99 99 3F AC,
53.4144,1.2,12.894556045532227,1.1999815702438354,1.2000010013580322,38.638187408447266,34,1,DF 07 03 08 16 41 02 1A 50 4E 41 FF 98 99 3F 22 00 00 00 81 8D 1A 42 A2 99 99 3F AF,
53.4819,1.2,12.894598007202148,1.199819564819336,1.2000010013580322,38.642887115478516,34,1,DF 07 03 08 16 41 02 46 50 4E 41 B0 93 99 3F 22 00 00 00 51 92 1A 42 A2 99 99 3F 02,
53.5494,1.2,12.894142150878906,1.1999809741973877,1.2000010013580322,38.642887115478516,34,1,DF 07 03 08 16 41 02 68 4E 4E 41 FA 98 99 3F 22 00 00 00 51 92 1A 42 A2 99 99 3F 93,
53.6614,1.2,12.894182205200195,1.2001837491989136,1.2000010013580322,38.64857864379883,34,1,DF 07 03 08 16 41 02 92 4E 4E 41 9F 9F 99 3F 22 00 00 00 25 98 1A 42 A2 99 99 3F E3,
53.7743,1.2,12.894182205200195,1.200026273727417,1.2000010013580322,38.64857864379883,34,1,DF 07 03 08 16 41 02 92 4E 4E 41 76 9A 99 3F 22 00 00 00 25 98 1A 42 A2 99 99 3F 11,
53.8647,1.2,12.8939208984375,1.1999211311340332,1.2000010013580322,38.653770446777344,34,1,DF 07 03 08 16 41 02 80 4D 4E 41 04 97 99 3F 22 00 00 00 76 9D 1A 42 A2 99 99 3F 43,
53.9766,1.2,12.894092559814453,1.1998484134674072,1.2000010013580322,38.653770446777344,34,1,DF 07 03 08 16 41 02 34 4E 4E 41 A2 94 99 3F 22 00 00 00 76 9D 1A 42 A2 99 99 3F F3,
54.0666,1.2,12.894182205200195,1.200110673904419,1.2000010013580322,38.666622161865234,35,1,DF 07 03 08 16 41 02 92 4E 4E 41 3A 9D 99 3F 23 00 00 00 9F AA 1A 42 A2 99 99 3F BD,
54.1802,1.2,12.894002914428711,1.1999614238739014,1.2000010013580322,38.666622161865234,35,1,DF 07 03 08 16 41 02 D6 4D 4E 41 56 98 99 3F 23 00 00 00 9F AA 1A 42 A2 99 99 3F 63,
54.2920,1.2,12.894002914428711,1.2000222206115723,1.2000010013580322,38.672813415527344,35,1,DF 07 03 08 16 41 02 D6 4D 4E 41 54 9A 99 3F 23 00 00 00 F6 B0 1A 42 A2 99 99 3F 06,
54.3586,1.2,12.893840789794922,1.199981927871704,1.2000010013580322,38.672813415527344,35,1,DF 07 03 08 16 41 02 2C 4D 4E 41 02 99 99 3F 23 00 00 00 F6 B0 1A 42 A2 99 99 3F 03,
54.4716,1.2,12.893547058105469,1.2001159191131592,1.2000010013580322,38.680233001708984,35,1,DF 07 03 08 16 41 02 F8 4B 4E 41 66 9D 99 3F 23 00 00 00 8F B8 1A 42 A2 99 99 3F 30,
54.5166,1.2,12.893547058105469,1.2001159191131592,1.2000010013580322,38.680233001708984,35,1,DF 07 03 08 16 41 02 F8 4B 4E 41 66 9D 99 3F 23 00 00 00 8F B8 1A 42 A2 99 99 3F 30,
54.6516,1.2,12.89362907409668,1.1996980905532837,1.2000010013580322,38.680233001708984,35,1,DF 07 03 08 16 41 02 4E 4C 4E 41 B5 8F 99 3F 23 00 00 00 8F B8 1A 42 A2 99 99 3F 98,
54.7202,1.2,12.893497467041016,1.1998486518859863,1.2000010013580322,38.68667221069336,35,1,DF 07 03 08 16 41 02 C4 4B 4E 41 A4 94 99 3F 23 00 00 00 27 BF 1A 42 A2 99 99 3F 90,
54.8316,1.2,12.893457412719727,1.1999008655548096,1.2000010013580322,38.68667221069336,35,1,DF 07 03 08 16 41 02 9A 4B 4E 41 5A 96 99 3F 23 00 00 00 27 BF 1A 42 A2 99 99 3F 02,
54.9000,1.2,12.893083572387695,1.1997758150100708,1.2000010013580322,38.69236373901367,35,1,DF 07 03 08 16 41 02 12 4A 4E 41 41 92 99 3F 23 00 00 00 FB C4 1A 42 A2 99 99 3F CF,
54.9900,1.2,12.893335342407227,1.199904441833496,1.2000010013580322,38.69236373901367,36,1,DF 07 03 08 16 41 02 1A 4B 4E 41 78 96 99 3F 24 00 00 00 FB C4 1A 42 A2 99 99 3F 8A,
55.1237,1.2,12.893375396728516,1.199791431427002,1.2000010013580322,38.69929885864258,36,1,DF 07 03 08 16 41 02 44 4B 4E 41 C4 92 99 3F 24 00 00 00 15 CC 1A 42 A2 99 99 3F F6,
55.1924,1.2,12.892951965332031,1.1999287605285645,1.2000010013580322,38.69929885864258,36,1,DF 07 03 08 16 41 02 88 49 4E 41 44 97 99 3F 24 00 00 00 15 CC 1A 42 A2 99 99 3F 2F,
55.3261,1.2,12.893123626708984,1.1998398303985596,1.2000010013580322,38.70647430419922,36,1,DF 07 03 08 16 41 02 3C 4A 4E 41 5A 94 99 3F 24 00 00 00 6E D3 1A 42 A2 99 99 3F 07,
55.4401,1.2,12.892993927001953,1.2000586986541748,1.2000010013580322,38.70647430419922,36,1,DF 07 03 08 16 41 02 B4 49 4E 41 86 9B 99 3F 24 00 00 00 6E D3 1A 42 A2 99 99 3F 5D,
55.5081,1.2,12.893083572387695,1.2001112699508667,1.2000010013580322,38.71489715576172,36,1,DF 07 03 08 16 41 02 12 4A 4E 41 3F 9D 99 3F 24 00 00 00 0E DC 1A 42 A2 99 99 3F 9A,
55.6426,1.2,12.892692565917969,1.2002403736114502,1.2000010013580322,38.71489715576172,36,1,DF 07 03 08 16 41 02 78 48 4E 41 7A A1 99 3F 24 00 00 00 0E DC 1A 42 A2 99 99 3F F7,
55.6875,1.2,12.892692565917969,1.2002403736114502,1.2000010013580322,38.7193489074707,36,1,DF 07 03 08 16 41 02 78 48 4E 41 7A A1 99 3F 24 00 00 00 9D E0 1A 42 A2 99 99 3F 64,
55.8440,1.2,12.892610549926758,1.2000019550323486,1.2000010013580322,38.7193489074707,36,1,DF 07 03 08 16 41 02 22 48 4E 41 AA 99 99 3F 24 00 00 00 9D E0 1A 42 A2 99 99 3F 92,
55.8905,1.2,12.892610549926758,1.2000019550323486,1.2000010013580322,38.726036071777344,36,1,DF 07 03 08 16 41 02 22 48 4E 41 AA 99 99 3F 24 00 00 00 76 E7 1A 42 A2 99 99 3F B2,
55.9577,1.2,12.892488479614258,1.2000223398208618,1.2000010013580322,38.726036071777344,36,1,DF 07 03 08 16 41 02 A2 47 4E 41 55 9A 99 3F 24 00 00 00 76 E7 1A 42 A2 99 99 3F 87,
56.0702,1.2,12.892488479614258,1.1997712850570679,1.2000010013580322,38.726036071777344,37,1,DF 07 03 08 16 41 02 A2 47 4E 41 1B 92 99 3F 25 00 00 00 76 E7 1A 42 A2 99 99 3F C8,
56.1368,1.2,12.892610549926758,1.1998929977416992,1.2000010013580322,38.73197937011719,37,1,DF 07 03 08 16 41 02 22 48 4E 41 18 96 99 3F 25 00 00 00 8C ED 1A 42 A2 99 99 3F 2A,
56.2733,1.2,12.892194747924805,1.199880599975586,1.2000010013580322,38.7381706237793,37,1,DF 07 03 08 16 41 02 6E 46 4E 41 B0 95 99 3F 25 00 00 00 E3 F3 1A 42 A2 99 99 3F EC,
56.3398,1.2,12.892194747924805,1.199880599975586,1.2000010013580322,38.7381706237793,37,1,DF 07 03 08 16 41 02 6E 46 4E 41 B0 95 99 3F 25 00 00 00 E3 F3 1A 42 A2 99 99 3F EC,
56.4752,1.2,12.892358779907227,1.199981689453125,1.2000010013580322,38.7381706237793,37,1,DF 07 03 08 16 41 02 1A 47 4E 41 00 99 99 3F 25 00 00 00 E3 F3 1A 42 A2 99 99 3F EB,
56.5649,1.2,12.892276763916016,1.1998445987701416,1.2000010013580322,38.74436569213867,37,1,DF 07 03 08 16 41 02 C4 46 4E 41 82 94 99 3F 25 00 00 00 3B FA 1A 42 A2 99 99 3F 66,
56.6765,1.2,12.892438888549805,1.1998088359832764,1.2000010013580322,38.74436569213867,37,1,DF 07 03 08 16 41 02 6E 47 4E 41 56 93 99 3F 25 00 00 00 3B FA 1A 42 A2 99 99 3F E8,
56.7444,1.2,12.892488479614258,1.199707269668579,1.2000010013580322,38.751304626464844,37,1,DF 07 03 08 16 41 02 A2 47 4E 41 02 90 99 3F 25 00 00 00 56 01 1B 42 A2 99 99 3F E8,
56.8578,1.2,12.892194747924805,1.1997789144515991,1.2000010013580322,38.751304626464844,37,1,DF 07 03 08 16 41 02 6E 46 4E 41 5B 92 99 3F 25 00 00 00 56 01 1B 42 A2 99 99 3F C2,
56.9703,1.2,12.892147064208984,1.199831247329712,1.2000010013580322,38.75800323486328,37,1,DF 07 03 08 16 41 02 3C 46 4E 41 12 94 99 3F 25 00 00 00 32 08 1B 42 A2 99 99 3F 58,
57.0380,1.2,12.892194747924805,1.1998966932296753,1.2000010013580322,38.75800323486328,38,1,DF 07 03 08 16 41 02 6E 46 4E 41 37 96 99 3F 26 00 00 00 32 08 1B 42 A2 99 99 3F FE,
57.1498,1.2,12.892234802246094,1.1996948719024658,1.2000010013580322,38.76667022705078,38,1,DF 07 03 08 16 41 02 98 46 4E 41 9A 8F 99 3F 26 00 00 00 12 11 1B 42 A2 99 99 3F 8F,
57.2397,1.2,12.892234802246094,1.1998523473739624,1.2000010013580322,38.76667022705078,38,1,DF 07 03 08 16 41 02 98 46 4E 41 C3 94 99 3F 26 00 00 00 12 11 1B 42 A2 99 99 3F 61,
57.3293,1.2,12.892065048217773,1.199803113937378,1.2000010013580322,38.772621154785156,38,1,DF 07 03 08 16 41 02 E6 45 4E 41 26 93 99 3F 26 00 00 00 2A 17 1B 42 A2 99 99 3F 94,
57.4645,1.2,12.89189338684082,1.199690341949463,1.2000010013580322,38.772621154785156,38,1,DF 07 03 08 16 41 02 32 45 4E 41 74 8F 99 3F 26 00 00 00 2A 17 1B 42 A2 99 99 3F FE,
57.5319,1.2,12.892023086547852,1.199763536453247,1.2000010013580322,38.78154754638672,38,1,DF 07 03 08 16 41 02 BA 45 4E 41 DA 91 99 3F 26 00 00 00 4E 20 1B 42 A2 99 99 3F E1,
57.6910,1.2,12.891983032226562,1.1998484134674072,1.2000010013580322,38.78154754638672,38,1,DF 07 03 08 16 41 02 90 45 4E 41 A2 94 99 3F 26 00 00 00 4E 20 1B 42 A2 99 99 3F 40,
57.7794,1.2,12.891469955444336,1.199880599975586,1.2000010013580322,38.788490295410156,38,1,DF 07 03 08 16 41 02 76 43 4E 41 B0 95 99 3F 26 00 00 00 6A 27 1B 42 A2 99 99 3F 2A,
57.8476,1.2,12.891429901123047,1.1998319625854492,1.2000010013580322,38.788490295410156,38,1,DF 07 03 08 16 41 02 4C 43 4E 41 18 94 99 3F 26 00 00 00 6A 27 1B 42 A2 99 99 3F ED,
57.9598,1.2,12.891511917114258,1.1996862888336182,1.2000010013580322,38.793701171875,38,1,DF 07 03 08 16 41 02 A2 43 4E 41 52 8F 99 3F 26 00 00 00 C0 2C 1B 42 A2 99 99 3F 07,
58.0262,1.2,12.891511917114258,1.1996862888336182,1.2000010013580322,38.793701171875,39,1,DF 07 03 08 16 41 02 A2 43 4E 41 52 8F 99 3F 27 00 00 00 C0 2C 1B 42 A2 99 99 3F 06,
58.1171,1.2,12.891218185424805,1.1995484828948975,1.2000010013580322,38.800148010253906,39,1,DF 07 03 08 16 41 02 6E 42 4E 41 CE 8A 99 3F 27 00 00 00 5A 33 1B 42 A2 99 99 3F 23,
58.2076,1.2,12.891176223754883,1.1996419429779053,1.2000010013580322,38.800148010253906,39,1,DF 07 03 08 16 41 02 42 42 4E 41 DE 8D 99 3F 27 00 00 00 5A 33 1B 42 A2 99 99 3F 3C,
58.3206,1.2,12.891218185424805,1.1999858617782593,1.2000010013580322,38.80609893798828,39,1,DF 07 03 08 16 41 02 6E 42 4E 41 23 99 99 3F 27 00 00 00 72 39 1B 42 A2 99 99 3F A1,
58.4561,1.2,12.891592025756836,1.1997027397155762,1.2000010013580322,38.80609893798828,39,1,DF 07 03 08 16 41 02 F6 43 4E 41 DC 8F 99 3F 27 00 00 00 72 39 1B 42 A2 99 99 3F 69,
58.5231,1.2,12.891592025756836,1.1997027397155762,1.2000010013580322,38.81354522705078,39,1,DF 07 03 08 16 41 02 F6 43 4E 41 DC 8F 99 3F 27 00 00 00 12 41 1B 42 A2 99 99 3F C1,
58.6576,1.2,12.891469955444336,1.1999170780181885,1.2000010013580322,38.82048797607422,39,1,DF 07 03 08 16 41 02 76 43 4E 41 E2 96 99 3F 27 00 00 00 2E 48 1B 42 A2 99 99 3F 11,
58.7242,1.2,12.891218185424805,1.1999404430389404,1.2000010013580322,38.82048797607422,39,1,DF 07 03 08 16 41 02 6E 42 4E 41 A6 97 99 3F 27 00 00 00 2E 48 1B 42 A2 99 99 3F 55,
58.8818,1.2,12.891218185424805,1.1998271942138672,1.2000010013580322,38.82048797607422,39,1,DF 07 03 08 16 41 02 6E 42 4E 41 F0 93 99 3F 27 00 00 00 2E 48 1B 42 A2 99 99 3F 0F,
58.9047,1.2,12.89096450805664,1.1999045610427856,1.2000010013580322,38.82123565673828,39,1,DF 07 03 08 16 41 02 64 41 4E 41 79 96 99 3F 27 00 00 00 F2 48 1B 42 A2 99 99 3F CA,
58.9942,1.2,12.890924453735352,1.1998040676116943,1.2000010013580322,38.82123565673828,40,1,DF 07 03 08 16 41 02 3A 41 4E 41 2E 93 99 3F 28 00 00 00 F2 48 1B 42 A2 99 99 3F 41,
59.1296,1.2,12.890630722045898,1.1998358964920044,1.2000010013580322,38.82719039916992,40,1,DF 07 03 08 16 41 02 06 40 4E 41 39 94 99 3F 28 00 00 00 0B 4F 1B 42 A2 99 99 3F 4A,
59.2200,1.2,12.890419006347656,1.199705958366394,1.2000010013580322,38.82719039916992,40,1,DF 07 03 08 16 41 02 28 3F 4E 41 F7 8F 99 3F 28 00 00 00 0B 4F 1B 42 A2 99 99 3F 70,
59.2877,1.2,12.890419006347656,1.1996294260025024,1.2000010013580322,38.8328971862793,40,1,DF 07 03 08 16 41 02 28 3F 4E 41 75 8D 99 3F 28 00 00 00 E3 54 1B 42 A2 99 99 3F 17,
59.4448,1.2,12.890378952026367,1.1997509002685547,1.2000010013580322,38.8328971862793,40,1,DF 07 03 08 16 41 02 FE 3E 4E 41 70 91 99 3F 28 00 00 00 E3 54 1B 42 A2 99 99 3F 43,
59.4903,1.2,12.890281677246094,1.1995692253112793,1.2000010013580322,38.839599609375,40,1,DF 07 03 08 16 41 02 98 3E 4E 41 7C 8B 99 3F 28 00 00 00 C0 5B 1B 42 A2 99 99 3F BF,
59.6913,1.2,12.89067268371582,1.1995606422424316,1.2000010013580322,38.839599609375,40,1,DF 07 03 08 16 41 02 32 40 4E 41 34 8B 99 3F 28 00 00 00 C0 5B 1B 42 A2 99 99 3F 6B,
59.7147,1.2,12.890281677246094,1.199650526046753,1.2000010013580322,38.84605026245117,40,1,DF 07 03 08 16 41 02 98 3E 4E 41 26 8E 99 3F 28 00 00 00 5B 62 1B 42 A2 99 99 3F 70,
59.8054,1.2,12.890117645263672,1.1995694637298584,1.2000010013580322,38.84605026245117,40,1,DF 07 03 08 16 41 02 EC 3D 4E 41 7E 8B 99 3F 28 00 00 00 5B 62 1B 42 A2 99 99 3F C8,
59.8501,1.2,12.890239715576172,1.1996583938598633,1.2000010013580322,38.853004455566406,40,1,DF 07 03 08 16 41 02 6C 3E 4E 41 68 8E 99 3F 28 00 00 00 7A 69 1B 42 A2 99 99 3F 34,
59.9848,1.2,12.889694213867188,1.1996498107910156,1.2000010013580322,38.853004455566406,40,1,DF 07 03 08 16 41 02 30 3C 4E 41 20 8E 99 3F 28 00 00 00 7A 69 1B 42 A2 99 99 3F BA,
60.0525,1.2,12.889694213867188,1.1996498107910156,1.2000010013580322,38.853004455566406,41,1,DF 07 03 08 16 41 02 30 3C 4E 41 20 8E 99 3F 29 00 00 00 7A 69 1B 42 A2 99 99 3F B9,
60.1425,1.2,12.890117645263672,1.199703335762024,1.2000010013580322,38.85945510864258,41,1,DF 07 03 08 16 41 02 EC 3D 4E 41 E1 8F 99 3F 29 00 00 00 15 70 1B 42 A2 99 99 3F 98,
60.3232,1.2,12.890117645263672,1.1999092102050781,1.2000010013580322,38.86690139770508,41,1,DF 07 03 08 16 41 02 EC 3D 4E 41 A0 96 99 3F 29 00 00 00 B5 77 1B 42 A2 99 99 3F 2B,
60.4118,1.2,12.889825820922852,1.199872374534607,1.2000010013580322,38.86690139770508,41,1,DF 07 03 08 16 41 02 BA 3C 4E 41 6B 95 99 3F 29 00 00 00 B5 77 1B 42 A2 99 99 3F 94,
60.5026,1.2,12.88986587524414,1.1997711658477783,1.2000010013580322,38.86690139770508,41,1,DF 07 03 08 16 41 02 E4 3C 4E 41 1A 92 99 3F 29 00 00 00 B5 77 1B 42 A2 99 99 3F BE,
60.5458,1.2,12.890077590942383,1.1999084949493408,1.2000010013580322,38.873111724853516,41,1,DF 07 03 08 16 41 02 C2 3D 4E 41 9A 96 99 3F 29 00 00 00 11 7E 1B 42 A2 99 99 3F F8,
60.6821,1.2,12.889442443847656,1.19986891746521,1.2000010013580322,38.873111724853516,41,1,DF 07 03 08 16 41 02 28 3B 4E 41 4E 95 99 3F 29 00 00 00 11 7E 1B 42 A2 99 99 3F E1,
60.7269,1.2,12.88986587524414,1.1998119354248047,1.2000010013580322,38.87907409667969,41,1,DF 07 03 08 16 41 02 E4 3C 4E 41 70 93 99 3F 29 00 00 00 2C 84 1B 42 A2 99 99 3F E3,
60.8173,1.2,12.889947891235352,1.2000420093536377,1.2000010013580322,38.87907409667969,41,1,DF 07 03 08 16 41 02 3A 3D 4E 41 FA 9A 99 3F 29 00 00 00 2C 84 1B 42 A2 99 99 3F FB,
60.9074,1.2,12.890037536621094,1.1997878551483154,1.2000010013580322,38.885032653808594,41,1,DF 07 03 08 16 41 02 98 3D 4E 41 A6 92 99 3F 29 00 00 00 46 8A 1B 42 A2 99 99 3F D9,
61.0204,1.2,12.890077590942383,1.1998811960220337,1.2000010013580322,38.885032653808594,42,1,DF 07 03 08 16 41 02 C2 3D 4E 41 B5 95 99 3F 2A 00 00 00 46 8A 1B 42 A2 99 99 3F 9C,
61.0876,1.2,12.889825820922852,1.1998165845870972,1.2000010013580322,38.89174270629883,42,1,DF 07 03 08 16 41 02 BA 3C 4E 41 97 93 99 3F 2A 00 00 00 25 91 1B 42 A2 99 99 3F DF,
61.2446,1.2,12.889572143554688,1.2000823020935059,1.2000010013580322,38.89174270629883,42,1,DF 07 03 08 16 41 02 B0 3B 4E 41 4C 9C 99 3F 2A 00 00 00 25 91 1B 42 A2 99 99 3F 2C,
61.3572,1.2,12.88949203491211,1.200029969215393,1.2000010013580322,38.89894485473633,42,1,DF 07 03 08 16 41 02 5C 3B 4E 41 95 9A 99 3F 2A 00 00 00 85 98 1B 42 A2 99 99 3F D2,
61.4921,1.2,12.889654159545898,1.200103521347046,1.2000010013580322,38.90317153930664,42,1,DF 07 03 08 16 41 02 06 3C 4E 41 FE 9C 99 3F 2A 00 00 00 D9 9C 1B 42 A2 99 99 3F 64,
61.5379,1.2,12.889101028442383,1.200037956237793,1.2000010013580322,38.90317153930664,42,1,DF 07 03 08 16 41 02 C2 39 4E 41 D8 9A 99 3F 2A 00 00 00 D9 9C 1B 42 A2 99 99 3F D3,
61.6727,1.2,12.889532089233398,1.2000861167907715,1.2000010013580322,38.911380767822266,42,1,DF 07 03 08 16 41 02 86 3B 4E 41 6C 9C 99 3F 2A 00 00 00 41 A5 1B 42 A2 99 99 3F 06,
61.7403,1.2,12.889402389526367,1.2000503540039062,1.2000010013580322,38.911380767822266,42,1,DF 07 03 08 16 41 02 FE 3A 4E 41 40 9B 99 3F 2A 00 00 00 41 A5 1B 42 A2 99 99 3F BC,
61.8973,1.2,12.889320373535156,1.1999894380569458,1.2000010013580322,38.917091369628906,42,1,DF 07 03 08 16 41 02 A8 3A 4E 41 41 99 99 3F 2A 00 00 00 1A AB 1B 42 A2 99 99 3F 34,
62.0316,1.2,12.889059066772461,1.1998486518859863,1.2000010013580322,38.917091369628906,42,1,DF 07 03 08 16 41 02 96 39 4E 41 A4 94 99 3F 2A 00 00 00 1A AB 1B 42 A2 99 99 3F E9,
62.1226,1.2,12.88888931274414,1.1996660232543945,1.2000010013580322,38.92554473876953,43,1,DF 07 03 08 16 41 02 E4 38 4E 41 A8 8E 99 3F 2B 00 00 00 C2 B3 1B 42 A2 99 99 3F ED,
62.1905,1.2,12.88892936706543,1.199670672416687,1.2000010013580322,38.92554473876953,43,1,DF 07 03 08 16 41 02 0E 39 4E 41 CF 8E 99 3F 2B 00 00 00 C2 B3 1B 42 A2 99 99 3F 9B,
62.2803,1.2,12.889101028442383,1.1996948719024658,1.2000010013580322,38.92580032348633,43,1,DF 07 03 08 16 41 02 C2 39 4E 41 9A 8F 99 3F 2B 00 00 00 05 B4 1B 42 A2 99 99 3F D7,
62.3255,1.2,12.889059066772461,1.1997673511505127,1.2000010013580322,38.92580032348633,43,1,DF 07 03 08 16 41 02 96 39 4E 41 FA 91 99 3F 2B 00 00 00 05 B4 1B 42 A2 99 99 3F A1,
62.4590,1.2,12.888635635375977,1.199731469154358,1.2000010013580322,38.92803192138672,43,1,DF 07 03 08 16 41 02 DA 37 4E 41 CD 90 99 3F 2B 00 00 00 4E B6 1B 42 A2 99 99 3F 42,
62.5502,1.2,12.888513565063477,1.1997065544128418,1.2000010013580322,38.92803192138672,43,1,DF 07 03 08 16 41 02 5A 37 4E 41 FC 8F 99 3F 2B 00 00 00 4E B6 1B 42 A2 99 99 3F 94,
62.6620,1.2,12.888725280761719,1.199621558189392,1.2000010013580322,38.93474578857422,43,1,DF 07 03 08 16 41 02 38 38 4E 41 33 8D 99 3F 2B 00 00 00 2E BD 1B 42 A2 99 99 3F 99,
62.7526,1.2,12.888595581054688,1.1995279788970947,1.2000010013580322,38.93474578857422,43,1,DF 07 03 08 16 41 02 B0 37 4E 41 22 8A 99 3F 2B 00 00 00 2E BD 1B 42 A2 99 99 3F 36,
62.8657,1.2,12.888433456420898,1.1995162963867188,1.2000010013580322,38.93474578857422,43,1,DF 07 03 08 16 41 02 06 37 4E 41 C0 89 99 3F 2B 00 00 00 2E BD 1B 42 A2 99 99 3F 43,
62.9096,1.2,12.888433456420898,1.1994764804840088,1.2000010013580322,38.9451789855957,43,1,DF 07 03 08 16 41 02 06 37 4E 41 72 88 99 3F 2B 00 00 00 DD C7 1B 42 A2 99 99 3F D9,
63.0223,1.2,12.888179779052734,1.1994953155517578,1.2000010013580322,38.9451789855957,44,1,DF 07 03 08 16 41 02 FC 35 4E 41 10 89 99 3F 2C 00 00 00 DD C7 1B 42 A2 99 99 3F 45,
63.0449,1.2,12.888513565063477,1.199427604675293,1.2000010013580322,38.9451789855957,44,1,DF 07 03 08 16 41 02 5A 37 4E 41 D8 86 99 3F 2C 00 00 00 DD C7 1B 42 A2 99 99 3F 20,
63.2032,1.2,12.888343811035156,1.1996738910675049,1.2000010013580322,38.9518928527832,44,1,DF 07 03 08 16 41 02 A8 36 4E 41 EA 8E 99 3F 2C 00 00 00 BD CE 1B 42 A2 99 99 3F D2,
63.2703,1.2,12.888343811035156,1.1996620893478394,1.2000010013580322,38.9598503112793,44,1,DF 07 03 08 16 41 02 A8 36 4E 41 87 8E 99 3F 2C 00 00 00 E3 D6 1B 42 A2 99 99 3F 07,
63.3599,1.2,12.887968063354492,1.199751615524292,1.2000010013580322,38.9598503112793,44,1,DF 07 03 08 16 41 02 1E 35 4E 41 76 91 99 3F 2C 00 00 00 E3 D6 1B 42 A2 99 99 3F A0,
63.4947,1.2,12.888261795043945,1.1995209455490112,1.2000010013580322,38.9598503112793,44,1,DF 07 03 08 16 41 02 52 36 4E 41 E7 89 99 3F 2C 00 00 00 E3 D6 1B 42 A2 99 99 3F 02,
63.5399,1.2,12.888179779052734,1.1994633674621582,1.2000010013580322,38.967811584472656,44,1,DF 07 03 08 16 41 02 FC 35 4E 41 04 88 99 3F 2C 00 00 00 0A DF 1B 42 A2 99 99 3F 0D,
63.6523,1.2,12.887968063354492,1.1993917226791382,1.2000010013580322,38.967811584472656,44,1,DF 07 03 08 16 41 02 1E 35 4E 41 AB 85 99 3F 2C 00 00 00 0A DF 1B 42 A2 99 99 3F 47,
63.7195,1.2,12.888090133666992,1.199427604675293,1.2000010013580322,38.97428512573242,44,1,DF 07 03 08 16 41 02 9E 35 4E 41 D8 86 99 3F 2C 00 00 00 AB E5 1B 42 A2 99 99 3F F2,
